,0
\\isi.storwis.weizmann.ac.il\Labs\dvirg\zoharba\ALBA May 2022\20220504\reference\Escan\Escan1\processref1\crystals\roi1.txt,1
\\isi.storwis.weizmann.ac.il\Labs\dvirg\zoharba\ALBA May 2022\20220504\ZF_1MPF_Alba14_3\Escan_night\Escan_tomo05\process5\adult background test\roi1.txt,1
\\isi.storwis.weizmann.ac.il\Labs\dvirg\zoharba\ALBA May 2022\20220504\ZF_1MPF_Alba14_3\Escan_night\Escan_tomo05\process5\adult background test\roi2.txt,1
\\isi.storwis.weizmann.ac.il\Labs\dvirg\zoharba\ALBA May 2022\20220504\ZF_1MPF_Alba14_3\Escan_night\Escan_tomo05\process5\adult background test\roi3.txt,1
\\isi.storwis.weizmann.ac.il\Labs\dvirg\zoharba\ALBA May 2022\20220504\ZF_1MPF_Alba14_3\Escan_night\Escan_tomo05\process5\adult background test\roi4.txt,1
\\isi.storwis.weizmann.ac.il\Labs\dvirg\zoharba\ALBA May 2022\20220506\2WPF_Alba8_3\Escan\Escan_tomo31\process31\crystals\roi1.txt,1
\\isi.storwis.weizmann.ac.il\Labs\dvirg\zoharba\ALBA May 2022\20220506\2WPF_Alba8_3\Escan\Escan_tomo31\process31\crystals\roi2.txt,1
\\isi.storwis.weizmann.ac.il\Labs\dvirg\zoharba\ALBA May 2022\20220506\2WPF_Alba8_3\Escan\Escan_tomo31\process31\crystals\roi3.txt,1
\\isi.storwis.weizmann.ac.il\Labs\dvirg\zoharba\ALBA May 2022\20220506\2WPF_Alba8_3\Escan\Escan_tomo26\process26\crystals\roi5.txt,1
\\isi.storwis.weizmann.ac.il\Labs\dvirg\zoharba\ALBA May 2022\20220506\2WPF_Alba8_3\Escan\Escan_tomo27\process27\crystals\roi1.txt,1
\\isi.storwis.weizmann.ac.il\Labs\dvirg\zoharba\ALBA May 2022\20220506\2WPF_Alba8_3\Escan\Escan_tomo27\process27\crystals\roi2.txt,1
\\isi.storwis.weizmann.ac.il\Labs\dvirg\zoharba\ALBA May 2022\20220506\2WPF_Alba8_3\Escan\Escan_tomo27\process27\crystals\roi3.txt,1
\\isi.storwis.weizmann.ac.il\Labs\dvirg\zoharba\ALBA May 2022\20220506\2WPF_Alba8_3\Escan\Escan_tomo33\process33\crystals\roi1.txt,1
\\isi.storwis.weizmann.ac.il\Labs\dvirg\zoharba\ALBA May 2022\20220506\2WPF_Alba8_3\Escan\Escan_tomo33\process33\crystals\roi2.txt,1
\\isi.storwis.weizmann.ac.il\Labs\dvirg\zoharba\ALBA May 2022\20220506\2WPF_Alba8_3\Escan\Escan_tomo33\process33\crystals\roi3.txt,1
\\isi.storwis.weizmann.ac.il\Labs\dvirg\zoharba\ALBA May 2022\20220506\2WPF_Alba8_3\Escan\Escan_tomo33\process33\crystals\roi4.txt,1
\\isi.storwis.weizmann.ac.il\Labs\dvirg\zoharba\ALBA May 2022\20220506\2WPF_Alba8_3\Escan\Escan_tomo32\process32\crystals\roi1.txt,1
\\isi.storwis.weizmann.ac.il\Labs\dvirg\zoharba\ALBA May 2022\20220506\2WPF_Alba8_3\Escan\Escan_tomo32\process32\crystals\roi2.txt,1
\\isi.storwis.weizmann.ac.il\Labs\dvirg\zoharba\ALBA May 2022\20220506\2WPF_Alba8_3\Escan\Escan_tomo32\process32\crystals\roi3.txt,1
\\isi.storwis.weizmann.ac.il\Labs\dvirg\zoharba\ALBA May 2022\20220506\2WPF_Alba8_3\Escan\Escan_tomo25\process25\crystals\roi1.txt,1
\\isi.storwis.weizmann.ac.il\Labs\dvirg\zoharba\ALBA May 2022\20220506\2WPF_Alba8_3\Escan\Escan_tomo25\process25\crystals\roi2.txt,1
\\isi.storwis.weizmann.ac.il\Labs\dvirg\zoharba\ALBA May 2022\20220506\2WPF_Alba8_3\Escan\Escan_tomo25\process25\crystals\roi3.txt,1
\\isi.storwis.weizmann.ac.il\Labs\dvirg\zoharba\ALBA May 2022\20220506\2WPF_Alba8_3\Escan\Escan_tomo25\process25\crystals\roi4.txt,1
\\isi.storwis.weizmann.ac.il\Labs\dvirg\zoharba\ALBA May 2022\20220506\2WPF_Alba8_3\Escan\Escan_tomo25\process25\crystals\roi5.txt,1
\\isi.storwis.weizmann.ac.il\Labs\dvirg\zoharba\ALBA May 2022\20220506\2WPF_Alba8_3\Escan\Escan_tomo25\process25\crystals\roi6.txt,1
\\isi.storwis.weizmann.ac.il\Labs\dvirg\zoharba\ALBA Oct 2022\20221026\Alba22_2_72hpf\Escan\Escan_tomo3\process3\adult\roi1.txt,1
\\isi.storwis.weizmann.ac.il\Labs\dvirg\zoharba\ALBA Oct 2022\20221026\Alba22_2_72hpf\Escan\Escan_tomo3\process3\adult\roi10.txt,1
\\isi.storwis.weizmann.ac.il\Labs\dvirg\zoharba\ALBA Oct 2022\20221026\Alba22_2_72hpf\Escan\Escan_tomo3\process3\adult\roi11.txt,1
\\isi.storwis.weizmann.ac.il\Labs\dvirg\zoharba\ALBA Oct 2022\20221026\Alba22_2_72hpf\Escan\Escan_tomo3\process3\adult\roi12.txt,1
\\isi.storwis.weizmann.ac.il\Labs\dvirg\zoharba\ALBA Oct 2022\20221026\Alba22_2_72hpf\Escan\Escan_tomo3\process3\adult\roi2.txt,1
\\isi.storwis.weizmann.ac.il\Labs\dvirg\zoharba\ALBA Oct 2022\20221026\Alba22_2_72hpf\Escan\Escan_tomo3\process3\adult\roi3.txt,1
\\isi.storwis.weizmann.ac.il\Labs\dvirg\zoharba\ALBA Oct 2022\20221026\Alba22_2_72hpf\Escan\Escan_tomo3\process3\adult\roi4.txt,1
\\isi.storwis.weizmann.ac.il\Labs\dvirg\zoharba\ALBA Oct 2022\20221026\Alba22_2_72hpf\Escan\Escan_tomo3\process3\adult\roi5.txt,1
\\isi.storwis.weizmann.ac.il\Labs\dvirg\zoharba\ALBA Oct 2022\20221026\Alba22_2_72hpf\Escan\Escan_tomo3\process3\adult\roi6.txt,1
\\isi.storwis.weizmann.ac.il\Labs\dvirg\zoharba\ALBA Oct 2022\20221026\Alba22_2_72hpf\Escan\Escan_tomo3\process3\adult\roi7.txt,1
\\isi.storwis.weizmann.ac.il\Labs\dvirg\zoharba\ALBA Oct 2022\20221026\Alba22_2_72hpf\Escan\Escan_tomo3\process3\adult\roi8.txt,1
\\isi.storwis.weizmann.ac.il\Labs\dvirg\zoharba\ALBA Oct 2022\20221026\Alba22_2_72hpf\Escan\Escan_tomo3\process3\adult\roi9.txt,1
\\isi.storwis.weizmann.ac.il\Labs\dvirg\zoharba\ALBA Oct 2022\20221026\Alba22_2_72hpf\Escan\Escan_tomo3\process3\small\roi1.txt,1
\\isi.storwis.weizmann.ac.il\Labs\dvirg\zoharba\ALBA Oct 2022\20221026\Alba22_2_72hpf\Escan\Escan_tomo3\process3\small\roi2.txt,1
\\isi.storwis.weizmann.ac.il\Labs\dvirg\zoharba\ALBA Oct 2022\20221026\Alba22_2_72hpf\Escan\Escan_tomo3\process3\small\roi3.txt,1
\\isi.storwis.weizmann.ac.il\Labs\dvirg\zoharba\ALBA Oct 2022\20221026\Alba22_2_72hpf\Escan\Escan_tomo3\process3\small\roi4.txt,1
\\isi.storwis.weizmann.ac.il\Labs\dvirg\zoharba\ALBA Oct 2022\20221026\Alba22_2_72hpf\Escan\Escan_tomo3\process3\small\roi5.txt,1
\\isi.storwis.weizmann.ac.il\Labs\dvirg\zoharba\ALBA Oct 2022\20221026\Alba22_2_72hpf\Escan\Escan_tomo3\process3\small\roi6.txt,1
\\isi.storwis.weizmann.ac.il\Labs\dvirg\zoharba\ALBA Oct 2022\20221026\Alba22_2_72hpf\Escan\Escan_tomo3\process3\vesicle\roi1.txt,1
\\isi.storwis.weizmann.ac.il\Labs\dvirg\zoharba\ALBA Oct 2022\20221026\Alba22_2_72hpf\Escan\Escan_tomo3\process3\vesicle\roi10.txt,1
\\isi.storwis.weizmann.ac.il\Labs\dvirg\zoharba\ALBA Oct 2022\20221026\Alba22_2_72hpf\Escan\Escan_tomo3\process3\vesicle\roi11.txt,1
\\isi.storwis.weizmann.ac.il\Labs\dvirg\zoharba\ALBA Oct 2022\20221026\Alba22_2_72hpf\Escan\Escan_tomo3\process3\vesicle\roi12.txt,1
\\isi.storwis.weizmann.ac.il\Labs\dvirg\zoharba\ALBA Oct 2022\20221026\Alba22_2_72hpf\Escan\Escan_tomo3\process3\vesicle\roi13.txt,1
\\isi.storwis.weizmann.ac.il\Labs\dvirg\zoharba\ALBA Oct 2022\20221026\Alba22_2_72hpf\Escan\Escan_tomo3\process3\vesicle\roi14.txt,1
\\isi.storwis.weizmann.ac.il\Labs\dvirg\zoharba\ALBA Oct 2022\20221026\Alba22_2_72hpf\Escan\Escan_tomo3\process3\vesicle\roi15.txt,1
\\isi.storwis.weizmann.ac.il\Labs\dvirg\zoharba\ALBA Oct 2022\20221026\Alba22_2_72hpf\Escan\Escan_tomo3\process3\vesicle\roi16.txt,1
\\isi.storwis.weizmann.ac.il\Labs\dvirg\zoharba\ALBA Oct 2022\20221026\Alba22_2_72hpf\Escan\Escan_tomo3\process3\vesicle\roi17.txt,1
\\isi.storwis.weizmann.ac.il\Labs\dvirg\zoharba\ALBA Oct 2022\20221026\Alba22_2_72hpf\Escan\Escan_tomo3\process3\vesicle\roi18.txt,1
\\isi.storwis.weizmann.ac.il\Labs\dvirg\zoharba\ALBA Oct 2022\20221026\Alba22_2_72hpf\Escan\Escan_tomo3\process3\vesicle\roi19.txt,1
\\isi.storwis.weizmann.ac.il\Labs\dvirg\zoharba\ALBA Oct 2022\20221026\Alba22_2_72hpf\Escan\Escan_tomo3\process3\vesicle\roi2.txt,1
\\isi.storwis.weizmann.ac.il\Labs\dvirg\zoharba\ALBA Oct 2022\20221026\Alba22_2_72hpf\Escan\Escan_tomo3\process3\vesicle\roi20.txt,1
\\isi.storwis.weizmann.ac.il\Labs\dvirg\zoharba\ALBA Oct 2022\20221026\Alba22_2_72hpf\Escan\Escan_tomo3\process3\vesicle\roi21.txt,1
\\isi.storwis.weizmann.ac.il\Labs\dvirg\zoharba\ALBA Oct 2022\20221026\Alba22_2_72hpf\Escan\Escan_tomo3\process3\vesicle\roi3.txt,1
\\isi.storwis.weizmann.ac.il\Labs\dvirg\zoharba\ALBA Oct 2022\20221026\Alba22_2_72hpf\Escan\Escan_tomo3\process3\vesicle\roi4.txt,1
\\isi.storwis.weizmann.ac.il\Labs\dvirg\zoharba\ALBA Oct 2022\20221026\Alba22_2_72hpf\Escan\Escan_tomo3\process3\vesicle\roi5.txt,1
\\isi.storwis.weizmann.ac.il\Labs\dvirg\zoharba\ALBA Oct 2022\20221026\Alba22_2_72hpf\Escan\Escan_tomo3\process3\vesicle\roi6.txt,2
\\isi.storwis.weizmann.ac.il\Labs\dvirg\zoharba\ALBA Oct 2022\20221026\Alba22_2_72hpf\Escan\Escan_tomo3\process3\vesicle\roi7.txt,1
\\isi.storwis.weizmann.ac.il\Labs\dvirg\zoharba\ALBA Oct 2022\20221026\Alba22_2_72hpf\Escan\Escan_tomo3\process3\vesicle\roi8.txt,1
\\isi.storwis.weizmann.ac.il\Labs\dvirg\zoharba\ALBA Oct 2022\20221026\Alba22_2_72hpf\Escan\Escan_tomo3\process3\vesicle\roi9.txt,1
\\isi.storwis.weizmann.ac.il\Labs\dvirg\zoharba\ALBA Oct 2022\20221026\Alba22_2_72hpf\Escan\Escan_tomo4\process4\adult\roi1.txt,1
\\isi.storwis.weizmann.ac.il\Labs\dvirg\zoharba\ALBA Oct 2022\20221026\Alba22_2_72hpf\Escan\Escan_tomo4\process4\adult\roi2.txt,1
\\isi.storwis.weizmann.ac.il\Labs\dvirg\zoharba\ALBA Oct 2022\20221026\Alba22_2_72hpf\Escan\Escan_tomo4\process4\adult\roi3.txt,1
\\isi.storwis.weizmann.ac.il\Labs\dvirg\zoharba\ALBA Oct 2022\20221026\Alba22_2_72hpf\Escan\Escan_tomo4\process4\adult\roi4.txt,1
\\isi.storwis.weizmann.ac.il\Labs\dvirg\zoharba\ALBA Oct 2022\20221026\Alba22_2_72hpf\Escan\Escan_tomo4\process4\adult\roi5.txt,1
\\isi.storwis.weizmann.ac.il\Labs\dvirg\zoharba\ALBA Oct 2022\20221026\Alba22_2_72hpf\Escan\Escan_tomo4\process4\small\roi1.txt,1
\\isi.storwis.weizmann.ac.il\Labs\dvirg\zoharba\ALBA Oct 2022\20221026\Alba22_2_72hpf\Escan\Escan_tomo4\process4\small\roi2.txt,1
\\isi.storwis.weizmann.ac.il\Labs\dvirg\zoharba\ALBA Oct 2022\20221026\Alba22_2_72hpf\Escan\Escan_tomo4\process4\small\roi3.txt,1
\\isi.storwis.weizmann.ac.il\Labs\dvirg\zoharba\ALBA Oct 2022\20221026\Alba22_2_72hpf\Escan\Escan_tomo4\process4\small\roi4.txt,1
\\isi.storwis.weizmann.ac.il\Labs\dvirg\zoharba\ALBA Oct 2022\20221026\Alba22_2_72hpf\Escan\Escan_tomo4\process4\vesicle\roi1.txt,1
\\isi.storwis.weizmann.ac.il\Labs\dvirg\zoharba\ALBA Oct 2022\20221026\Alba22_2_72hpf\Escan\Escan_tomo4\process4\vesicle\roi10.txt,1
\\isi.storwis.weizmann.ac.il\Labs\dvirg\zoharba\ALBA Oct 2022\20221026\Alba22_2_72hpf\Escan\Escan_tomo4\process4\vesicle\roi11.txt,1
\\isi.storwis.weizmann.ac.il\Labs\dvirg\zoharba\ALBA Oct 2022\20221026\Alba22_2_72hpf\Escan\Escan_tomo4\process4\vesicle\roi12.txt,1
\\isi.storwis.weizmann.ac.il\Labs\dvirg\zoharba\ALBA Oct 2022\20221026\Alba22_2_72hpf\Escan\Escan_tomo4\process4\vesicle\roi13.txt,1
\\isi.storwis.weizmann.ac.il\Labs\dvirg\zoharba\ALBA Oct 2022\20221026\Alba22_2_72hpf\Escan\Escan_tomo4\process4\vesicle\roi14.txt,1
\\isi.storwis.weizmann.ac.il\Labs\dvirg\zoharba\ALBA Oct 2022\20221026\Alba22_2_72hpf\Escan\Escan_tomo4\process4\vesicle\roi15.txt,1
\\isi.storwis.weizmann.ac.il\Labs\dvirg\zoharba\ALBA Oct 2022\20221026\Alba22_2_72hpf\Escan\Escan_tomo4\process4\vesicle\roi16.txt,1
\\isi.storwis.weizmann.ac.il\Labs\dvirg\zoharba\ALBA Oct 2022\20221026\Alba22_2_72hpf\Escan\Escan_tomo4\process4\vesicle\roi17.txt,1
\\isi.storwis.weizmann.ac.il\Labs\dvirg\zoharba\ALBA Oct 2022\20221026\Alba22_2_72hpf\Escan\Escan_tomo4\process4\vesicle\roi18.txt,1
\\isi.storwis.weizmann.ac.il\Labs\dvirg\zoharba\ALBA Oct 2022\20221026\Alba22_2_72hpf\Escan\Escan_tomo4\process4\vesicle\roi19.txt,1
\\isi.storwis.weizmann.ac.il\Labs\dvirg\zoharba\ALBA Oct 2022\20221026\Alba22_2_72hpf\Escan\Escan_tomo4\process4\vesicle\roi20.txt,1
\\isi.storwis.weizmann.ac.il\Labs\dvirg\zoharba\ALBA Oct 2022\20221026\Alba22_2_72hpf\Escan\Escan_tomo4\process4\vesicle\roi4.txt,1
\\isi.storwis.weizmann.ac.il\Labs\dvirg\zoharba\ALBA Oct 2022\20221026\Alba22_2_72hpf\Escan\Escan_tomo4\process4\vesicle\roi5.txt,1
\\isi.storwis.weizmann.ac.il\Labs\dvirg\zoharba\ALBA Oct 2022\20221026\Alba22_2_72hpf\Escan\Escan_tomo4\process4\vesicle\roi6.txt,1
\\isi.storwis.weizmann.ac.il\Labs\dvirg\zoharba\ALBA Oct 2022\20221026\Alba22_2_72hpf\Escan\Escan_tomo4\process4\vesicle\roi7.txt,1
\\isi.storwis.weizmann.ac.il\Labs\dvirg\zoharba\ALBA Oct 2022\20221026\Alba22_2_72hpf\Escan\Escan_tomo4\process4\vesicle\roi8.txt,1
\\isi.storwis.weizmann.ac.il\Labs\dvirg\zoharba\ALBA Oct 2022\20221026\Alba22_2_72hpf\Escan\Escan_tomo4\process4\vesicle\roi9.txt,1
\\isi.storwis.weizmann.ac.il\Labs\dvirg\zoharba\ALBA Oct 2022\20221026\Alba22_2_72hpf\Escan\Escan_tomo2\process2\adult\roi1.txt,1
\\isi.storwis.weizmann.ac.il\Labs\dvirg\zoharba\ALBA Oct 2022\20221026\Alba22_2_72hpf\Escan\Escan_tomo2\process2\adult\roi10.txt,1
\\isi.storwis.weizmann.ac.il\Labs\dvirg\zoharba\ALBA Oct 2022\20221026\Alba22_2_72hpf\Escan\Escan_tomo2\process2\adult\roi11.txt,1
\\isi.storwis.weizmann.ac.il\Labs\dvirg\zoharba\ALBA Oct 2022\20221026\Alba22_2_72hpf\Escan\Escan_tomo2\process2\adult\roi12.txt,1
\\isi.storwis.weizmann.ac.il\Labs\dvirg\zoharba\ALBA Oct 2022\20221026\Alba22_2_72hpf\Escan\Escan_tomo2\process2\adult\roi13.txt,1
\\isi.storwis.weizmann.ac.il\Labs\dvirg\zoharba\ALBA Oct 2022\20221026\Alba22_2_72hpf\Escan\Escan_tomo2\process2\adult\roi14.txt,1
\\isi.storwis.weizmann.ac.il\Labs\dvirg\zoharba\ALBA Oct 2022\20221026\Alba22_2_72hpf\Escan\Escan_tomo2\process2\adult\roi2.txt,1
\\isi.storwis.weizmann.ac.il\Labs\dvirg\zoharba\ALBA Oct 2022\20221026\Alba22_2_72hpf\Escan\Escan_tomo2\process2\adult\roi3.txt,1
\\isi.storwis.weizmann.ac.il\Labs\dvirg\zoharba\ALBA Oct 2022\20221026\Alba22_2_72hpf\Escan\Escan_tomo2\process2\adult\roi4.txt,1
\\isi.storwis.weizmann.ac.il\Labs\dvirg\zoharba\ALBA Oct 2022\20221026\Alba22_2_72hpf\Escan\Escan_tomo2\process2\adult\roi5.txt,1
\\isi.storwis.weizmann.ac.il\Labs\dvirg\zoharba\ALBA Oct 2022\20221026\Alba22_2_72hpf\Escan\Escan_tomo2\process2\adult\roi6.txt,1
\\isi.storwis.weizmann.ac.il\Labs\dvirg\zoharba\ALBA Oct 2022\20221026\Alba22_2_72hpf\Escan\Escan_tomo2\process2\adult\roi7.txt,1
\\isi.storwis.weizmann.ac.il\Labs\dvirg\zoharba\ALBA Oct 2022\20221026\Alba22_2_72hpf\Escan\Escan_tomo2\process2\adult\roi8.txt,1
\\isi.storwis.weizmann.ac.il\Labs\dvirg\zoharba\ALBA Oct 2022\20221026\Alba22_2_72hpf\Escan\Escan_tomo2\process2\adult\roi9.txt,1
\\isi.storwis.weizmann.ac.il\Labs\dvirg\zoharba\ALBA Oct 2022\20221026\Alba22_2_72hpf\Escan\Escan_tomo2\process2\small\roi1.txt,1
\\isi.storwis.weizmann.ac.il\Labs\dvirg\zoharba\ALBA Oct 2022\20221026\Alba22_2_72hpf\Escan\Escan_tomo2\process2\small\roi10.txt,1
\\isi.storwis.weizmann.ac.il\Labs\dvirg\zoharba\ALBA Oct 2022\20221026\Alba22_2_72hpf\Escan\Escan_tomo2\process2\small\roi11.txt,1
\\isi.storwis.weizmann.ac.il\Labs\dvirg\zoharba\ALBA Oct 2022\20221026\Alba22_2_72hpf\Escan\Escan_tomo2\process2\small\roi12.txt,1
\\isi.storwis.weizmann.ac.il\Labs\dvirg\zoharba\ALBA Oct 2022\20221026\Alba22_2_72hpf\Escan\Escan_tomo2\process2\small\roi13.txt,1
\\isi.storwis.weizmann.ac.il\Labs\dvirg\zoharba\ALBA Oct 2022\20221026\Alba22_2_72hpf\Escan\Escan_tomo2\process2\small\roi14.txt,1
\\isi.storwis.weizmann.ac.il\Labs\dvirg\zoharba\ALBA Oct 2022\20221026\Alba22_2_72hpf\Escan\Escan_tomo2\process2\small\roi15.txt,1
\\isi.storwis.weizmann.ac.il\Labs\dvirg\zoharba\ALBA Oct 2022\20221026\Alba22_2_72hpf\Escan\Escan_tomo2\process2\small\roi16.txt,1
\\isi.storwis.weizmann.ac.il\Labs\dvirg\zoharba\ALBA Oct 2022\20221026\Alba22_2_72hpf\Escan\Escan_tomo2\process2\small\roi17.txt,1
\\isi.storwis.weizmann.ac.il\Labs\dvirg\zoharba\ALBA Oct 2022\20221026\Alba22_2_72hpf\Escan\Escan_tomo2\process2\small\roi18.txt,1
\\isi.storwis.weizmann.ac.il\Labs\dvirg\zoharba\ALBA Oct 2022\20221026\Alba22_2_72hpf\Escan\Escan_tomo2\process2\small\roi2.txt,1
\\isi.storwis.weizmann.ac.il\Labs\dvirg\zoharba\ALBA Oct 2022\20221026\Alba22_2_72hpf\Escan\Escan_tomo2\process2\small\roi3.txt,1
\\isi.storwis.weizmann.ac.il\Labs\dvirg\zoharba\ALBA Oct 2022\20221026\Alba22_2_72hpf\Escan\Escan_tomo2\process2\small\roi4.txt,1
\\isi.storwis.weizmann.ac.il\Labs\dvirg\zoharba\ALBA Oct 2022\20221026\Alba22_2_72hpf\Escan\Escan_tomo2\process2\small\roi5.txt,1
\\isi.storwis.weizmann.ac.il\Labs\dvirg\zoharba\ALBA Oct 2022\20221026\Alba22_2_72hpf\Escan\Escan_tomo2\process2\small\roi6.txt,1
\\isi.storwis.weizmann.ac.il\Labs\dvirg\zoharba\ALBA Oct 2022\20221026\Alba22_2_72hpf\Escan\Escan_tomo2\process2\small\roi7.txt,1
\\isi.storwis.weizmann.ac.il\Labs\dvirg\zoharba\ALBA Oct 2022\20221026\Alba22_2_72hpf\Escan\Escan_tomo2\process2\small\roi8.txt,1
\\isi.storwis.weizmann.ac.il\Labs\dvirg\zoharba\ALBA Oct 2022\20221026\Alba22_2_72hpf\Escan\Escan_tomo2\process2\small\roi9.txt,1
\\isi.storwis.weizmann.ac.il\Labs\dvirg\zoharba\ALBA Oct 2022\20221026\Alba22_2_72hpf\Escan\Escan_tomo2\process2\vesicle\roi1.txt,1
\\isi.storwis.weizmann.ac.il\Labs\dvirg\zoharba\ALBA Oct 2022\20221026\Alba22_2_72hpf\Escan\Escan_tomo2\process2\vesicle\roi10.txt,1
\\isi.storwis.weizmann.ac.il\Labs\dvirg\zoharba\ALBA Oct 2022\20221026\Alba22_2_72hpf\Escan\Escan_tomo2\process2\vesicle\roi11.txt,1
\\isi.storwis.weizmann.ac.il\Labs\dvirg\zoharba\ALBA Oct 2022\20221026\Alba22_2_72hpf\Escan\Escan_tomo2\process2\vesicle\roi12.txt,1
\\isi.storwis.weizmann.ac.il\Labs\dvirg\zoharba\ALBA Oct 2022\20221026\Alba22_2_72hpf\Escan\Escan_tomo2\process2\vesicle\roi13.txt,1
\\isi.storwis.weizmann.ac.il\Labs\dvirg\zoharba\ALBA Oct 2022\20221026\Alba22_2_72hpf\Escan\Escan_tomo2\process2\vesicle\roi14.txt,1
\\isi.storwis.weizmann.ac.il\Labs\dvirg\zoharba\ALBA Oct 2022\20221026\Alba22_2_72hpf\Escan\Escan_tomo2\process2\vesicle\roi15.txt,1
\\isi.storwis.weizmann.ac.il\Labs\dvirg\zoharba\ALBA Oct 2022\20221026\Alba22_2_72hpf\Escan\Escan_tomo2\process2\vesicle\roi16.txt,1
\\isi.storwis.weizmann.ac.il\Labs\dvirg\zoharba\ALBA Oct 2022\20221026\Alba22_2_72hpf\Escan\Escan_tomo2\process2\vesicle\roi17.txt,1
\\isi.storwis.weizmann.ac.il\Labs\dvirg\zoharba\ALBA Oct 2022\20221026\Alba22_2_72hpf\Escan\Escan_tomo2\process2\vesicle\roi18.txt,1
\\isi.storwis.weizmann.ac.il\Labs\dvirg\zoharba\ALBA Oct 2022\20221026\Alba22_2_72hpf\Escan\Escan_tomo2\process2\vesicle\roi19.txt,1
\\isi.storwis.weizmann.ac.il\Labs\dvirg\zoharba\ALBA Oct 2022\20221026\Alba22_2_72hpf\Escan\Escan_tomo2\process2\vesicle\roi2.txt,1
\\isi.storwis.weizmann.ac.il\Labs\dvirg\zoharba\ALBA Oct 2022\20221026\Alba22_2_72hpf\Escan\Escan_tomo2\process2\vesicle\roi20.txt,1
\\isi.storwis.weizmann.ac.il\Labs\dvirg\zoharba\ALBA Oct 2022\20221026\Alba22_2_72hpf\Escan\Escan_tomo2\process2\vesicle\roi3.txt,1
\\isi.storwis.weizmann.ac.il\Labs\dvirg\zoharba\ALBA Oct 2022\20221026\Alba22_2_72hpf\Escan\Escan_tomo2\process2\vesicle\roi4.txt,1
\\isi.storwis.weizmann.ac.il\Labs\dvirg\zoharba\ALBA Oct 2022\20221026\Alba22_2_72hpf\Escan\Escan_tomo2\process2\vesicle\roi5.txt,1
\\isi.storwis.weizmann.ac.il\Labs\dvirg\zoharba\ALBA Oct 2022\20221026\Alba22_2_72hpf\Escan\Escan_tomo2\process2\vesicle\roi6.txt,1
\\isi.storwis.weizmann.ac.il\Labs\dvirg\zoharba\ALBA Oct 2022\20221026\Alba22_2_72hpf\Escan\Escan_tomo2\process2\vesicle\roi7.txt,1
\\isi.storwis.weizmann.ac.il\Labs\dvirg\zoharba\ALBA Oct 2022\20221026\Alba22_2_72hpf\Escan\Escan_tomo2\process2\vesicle\roi8.txt,1
\\isi.storwis.weizmann.ac.il\Labs\dvirg\zoharba\ALBA Oct 2022\20221026\Alba22_2_72hpf\Escan\Escan_tomo2\process2\vesicle\roi9.txt,1
\\isi.storwis.weizmann.ac.il\Labs\dvirg\zoharba\ALBA Oct 2022\20221026\Alba22_2_72hpf\Escan\Escan_tomo1\process1\adult\roi1.txt,1
\\isi.storwis.weizmann.ac.il\Labs\dvirg\zoharba\ALBA Oct 2022\20221026\Alba22_2_72hpf\Escan\Escan_tomo1\process1\adult\roi2.txt,1
\\isi.storwis.weizmann.ac.il\Labs\dvirg\zoharba\ALBA Oct 2022\20221026\Alba22_2_72hpf\Escan\Escan_tomo1\process1\adult\roi3(1).txt,-1
\\isi.storwis.weizmann.ac.il\Labs\dvirg\zoharba\ALBA Oct 2022\20221026\Alba22_2_72hpf\Escan\Escan_tomo1\process1\adult\roi3.txt,1
\\isi.storwis.weizmann.ac.il\Labs\dvirg\zoharba\ALBA Oct 2022\20221026\Alba22_2_72hpf\Escan\Escan_tomo1\process1\adult\roi4.txt,1
\\isi.storwis.weizmann.ac.il\Labs\dvirg\zoharba\ALBA Oct 2022\20221026\Alba22_2_72hpf\Escan\Escan_tomo1\process1\adult\roi5.txt,1
\\isi.storwis.weizmann.ac.il\Labs\dvirg\zoharba\ALBA Oct 2022\20221026\Alba22_2_72hpf\Escan\Escan_tomo1\process1\adult\roi6.txt,1
\\isi.storwis.weizmann.ac.il\Labs\dvirg\zoharba\ALBA Oct 2022\20221026\Alba22_2_72hpf\Escan\Escan_tomo1\process1\small\roi1.txt,1
\\isi.storwis.weizmann.ac.il\Labs\dvirg\zoharba\ALBA Oct 2022\20221026\Alba22_2_72hpf\Escan\Escan_tomo1\process1\small\roi10.txt,1
\\isi.storwis.weizmann.ac.il\Labs\dvirg\zoharba\ALBA Oct 2022\20221026\Alba22_2_72hpf\Escan\Escan_tomo1\process1\small\roi11.txt,1
\\isi.storwis.weizmann.ac.il\Labs\dvirg\zoharba\ALBA Oct 2022\20221026\Alba22_2_72hpf\Escan\Escan_tomo1\process1\small\roi12.txt,1
\\isi.storwis.weizmann.ac.il\Labs\dvirg\zoharba\ALBA Oct 2022\20221026\Alba22_2_72hpf\Escan\Escan_tomo1\process1\small\roi13.txt,1
\\isi.storwis.weizmann.ac.il\Labs\dvirg\zoharba\ALBA Oct 2022\20221026\Alba22_2_72hpf\Escan\Escan_tomo1\process1\small\roi14.txt,1
\\isi.storwis.weizmann.ac.il\Labs\dvirg\zoharba\ALBA Oct 2022\20221026\Alba22_2_72hpf\Escan\Escan_tomo1\process1\small\roi2.txt,1
\\isi.storwis.weizmann.ac.il\Labs\dvirg\zoharba\ALBA Oct 2022\20221026\Alba22_2_72hpf\Escan\Escan_tomo1\process1\small\roi3.txt,1
\\isi.storwis.weizmann.ac.il\Labs\dvirg\zoharba\ALBA Oct 2022\20221026\Alba22_2_72hpf\Escan\Escan_tomo1\process1\small\roi4.txt,1
\\isi.storwis.weizmann.ac.il\Labs\dvirg\zoharba\ALBA Oct 2022\20221026\Alba22_2_72hpf\Escan\Escan_tomo1\process1\small\roi5.txt,1
\\isi.storwis.weizmann.ac.il\Labs\dvirg\zoharba\ALBA Oct 2022\20221026\Alba22_2_72hpf\Escan\Escan_tomo1\process1\small\roi6.txt,1
\\isi.storwis.weizmann.ac.il\Labs\dvirg\zoharba\ALBA Oct 2022\20221026\Alba22_2_72hpf\Escan\Escan_tomo1\process1\small\roi7.txt,1
\\isi.storwis.weizmann.ac.il\Labs\dvirg\zoharba\ALBA Oct 2022\20221026\Alba22_2_72hpf\Escan\Escan_tomo1\process1\small\roi8.txt,1
\\isi.storwis.weizmann.ac.il\Labs\dvirg\zoharba\ALBA Oct 2022\20221026\Alba22_2_72hpf\Escan\Escan_tomo1\process1\small\roi9.txt,1
\\isi.storwis.weizmann.ac.il\Labs\dvirg\zoharba\ALBA Oct 2022\20221026\Alba22_2_72hpf\Escan\Escan_tomo1\process1\vesicle\roi1.txt,1
\\isi.storwis.weizmann.ac.il\Labs\dvirg\zoharba\ALBA Oct 2022\20221026\Alba22_2_72hpf\Escan\Escan_tomo1\process1\vesicle\roi10.txt,1
\\isi.storwis.weizmann.ac.il\Labs\dvirg\zoharba\ALBA Oct 2022\20221026\Alba22_2_72hpf\Escan\Escan_tomo1\process1\vesicle\roi11.txt,1
\\isi.storwis.weizmann.ac.il\Labs\dvirg\zoharba\ALBA Oct 2022\20221026\Alba22_2_72hpf\Escan\Escan_tomo1\process1\vesicle\roi12.txt,1
\\isi.storwis.weizmann.ac.il\Labs\dvirg\zoharba\ALBA Oct 2022\20221026\Alba22_2_72hpf\Escan\Escan_tomo1\process1\vesicle\roi13.txt,1
\\isi.storwis.weizmann.ac.il\Labs\dvirg\zoharba\ALBA Oct 2022\20221026\Alba22_2_72hpf\Escan\Escan_tomo1\process1\vesicle\roi14.txt,1
\\isi.storwis.weizmann.ac.il\Labs\dvirg\zoharba\ALBA Oct 2022\20221026\Alba22_2_72hpf\Escan\Escan_tomo1\process1\vesicle\roi15.txt,1
\\isi.storwis.weizmann.ac.il\Labs\dvirg\zoharba\ALBA Oct 2022\20221026\Alba22_2_72hpf\Escan\Escan_tomo1\process1\vesicle\roi16.txt,1
\\isi.storwis.weizmann.ac.il\Labs\dvirg\zoharba\ALBA Oct 2022\20221026\Alba22_2_72hpf\Escan\Escan_tomo1\process1\vesicle\roi17.txt,1
\\isi.storwis.weizmann.ac.il\Labs\dvirg\zoharba\ALBA Oct 2022\20221026\Alba22_2_72hpf\Escan\Escan_tomo1\process1\vesicle\roi18.txt,1
\\isi.storwis.weizmann.ac.il\Labs\dvirg\zoharba\ALBA Oct 2022\20221026\Alba22_2_72hpf\Escan\Escan_tomo1\process1\vesicle\roi19.txt,1
\\isi.storwis.weizmann.ac.il\Labs\dvirg\zoharba\ALBA Oct 2022\20221026\Alba22_2_72hpf\Escan\Escan_tomo1\process1\vesicle\roi2.txt,1
\\isi.storwis.weizmann.ac.il\Labs\dvirg\zoharba\ALBA Oct 2022\20221026\Alba22_2_72hpf\Escan\Escan_tomo1\process1\vesicle\roi20.txt,1
\\isi.storwis.weizmann.ac.il\Labs\dvirg\zoharba\ALBA Oct 2022\20221026\Alba22_2_72hpf\Escan\Escan_tomo1\process1\vesicle\roi3.txt,1
\\isi.storwis.weizmann.ac.il\Labs\dvirg\zoharba\ALBA Oct 2022\20221026\Alba22_2_72hpf\Escan\Escan_tomo1\process1\vesicle\roi4.txt,1
\\isi.storwis.weizmann.ac.il\Labs\dvirg\zoharba\ALBA Oct 2022\20221026\Alba22_2_72hpf\Escan\Escan_tomo1\process1\vesicle\roi5.txt,1
\\isi.storwis.weizmann.ac.il\Labs\dvirg\zoharba\ALBA Oct 2022\20221026\Alba22_2_72hpf\Escan\Escan_tomo1\process1\vesicle\roi6.txt,1
\\isi.storwis.weizmann.ac.il\Labs\dvirg\zoharba\ALBA Oct 2022\20221026\Alba22_2_72hpf\Escan\Escan_tomo1\process1\vesicle\roi7.txt,1
\\isi.storwis.weizmann.ac.il\Labs\dvirg\zoharba\ALBA Oct 2022\20221026\Alba22_2_72hpf\Escan\Escan_tomo1\process1\vesicle\roi8.txt,1
\\isi.storwis.weizmann.ac.il\Labs\dvirg\zoharba\ALBA Oct 2022\20221026\Alba22_2_72hpf\Escan\Escan_tomo1\process1\vesicle\roi9.txt,1
\\isi.storwis.weizmann.ac.il\Labs\dvirg\zoharba\ALBA Oct 2022\20221027\Alba31_3_72hpf\Escan\Escan_tomo12\process\crystals\roi1.txt,-1
\\isi.storwis.weizmann.ac.il\Labs\dvirg\zoharba\ALBA Oct 2022\20221027\Alba31_3_72hpf\Escan\Escan_tomo12\process\vesicles\roi1.txt,-1
\\isi.storwis.weizmann.ac.il\Labs\dvirg\zoharba\ALBA Oct 2022\20221027\Alba31_3_72hpf\Escan\Escan_tomo12\process\vesicles\roi2.txt,-1
\\isi.storwis.weizmann.ac.il\Labs\dvirg\zoharba\ALBA Oct 2022\20221027\Alba31_3_72hpf\Escan\Escan_tomo12\process\vesicles\roi3.txt,-1
\\isi.storwis.weizmann.ac.il\Labs\dvirg\zoharba\ALBA Oct 2022\20221027\Alba31_3_72hpf\Escan\Escan_tomo12\process\vesicles\roi4.txt,-1
\\isi.storwis.weizmann.ac.il\Labs\dvirg\zoharba\ALBA Oct 2022\20221027\Alba31_3_72hpf\Escan\Escan_tomo16\process\vesicles\roi1.txt,-1
\\isi.storwis.weizmann.ac.il\Labs\dvirg\zoharba\ALBA Oct 2022\20221027\Alba31_3_72hpf\Escan\Escan_tomo16\process\vesicles\roi10.txt,-1
\\isi.storwis.weizmann.ac.il\Labs\dvirg\zoharba\ALBA Oct 2022\20221027\Alba31_3_72hpf\Escan\Escan_tomo16\process\vesicles\roi11.txt,-1
\\isi.storwis.weizmann.ac.il\Labs\dvirg\zoharba\ALBA Oct 2022\20221027\Alba31_3_72hpf\Escan\Escan_tomo16\process\vesicles\roi12.txt,-1
\\isi.storwis.weizmann.ac.il\Labs\dvirg\zoharba\ALBA Oct 2022\20221027\Alba31_3_72hpf\Escan\Escan_tomo16\process\vesicles\roi13.txt,-1
\\isi.storwis.weizmann.ac.il\Labs\dvirg\zoharba\ALBA Oct 2022\20221027\Alba31_3_72hpf\Escan\Escan_tomo16\process\vesicles\roi14.txt,-1
\\isi.storwis.weizmann.ac.il\Labs\dvirg\zoharba\ALBA Oct 2022\20221027\Alba31_3_72hpf\Escan\Escan_tomo16\process\vesicles\roi15.txt,-1
\\isi.storwis.weizmann.ac.il\Labs\dvirg\zoharba\ALBA Oct 2022\20221027\Alba31_3_72hpf\Escan\Escan_tomo16\process\vesicles\roi16.txt,-1
\\isi.storwis.weizmann.ac.il\Labs\dvirg\zoharba\ALBA Oct 2022\20221027\Alba31_3_72hpf\Escan\Escan_tomo16\process\vesicles\roi2.txt,-1
\\isi.storwis.weizmann.ac.il\Labs\dvirg\zoharba\ALBA Oct 2022\20221027\Alba31_3_72hpf\Escan\Escan_tomo16\process\vesicles\roi3.txt,-1
\\isi.storwis.weizmann.ac.il\Labs\dvirg\zoharba\ALBA Oct 2022\20221027\Alba31_3_72hpf\Escan\Escan_tomo16\process\vesicles\roi4.txt,-1
\\isi.storwis.weizmann.ac.il\Labs\dvirg\zoharba\ALBA Oct 2022\20221027\Alba31_3_72hpf\Escan\Escan_tomo16\process\vesicles\roi5.txt,-1
\\isi.storwis.weizmann.ac.il\Labs\dvirg\zoharba\ALBA Oct 2022\20221027\Alba31_3_72hpf\Escan\Escan_tomo16\process\vesicles\roi6.txt,-1
\\isi.storwis.weizmann.ac.il\Labs\dvirg\zoharba\ALBA Oct 2022\20221027\Alba31_3_72hpf\Escan\Escan_tomo16\process\vesicles\roi7.txt,-1
\\isi.storwis.weizmann.ac.il\Labs\dvirg\zoharba\ALBA Oct 2022\20221027\Alba31_3_72hpf\Escan\Escan_tomo16\process\vesicles\roi8.txt,-1
\\isi.storwis.weizmann.ac.il\Labs\dvirg\zoharba\ALBA Oct 2022\20221027\Alba31_3_72hpf\Escan\Escan_tomo16\process\vesicles\roi9.txt,-1
\\isi.storwis.weizmann.ac.il\Labs\dvirg\zoharba\ALBA Oct 2022\20221027\Alba31_3_72hpf\Escan\Escan_tomo18\process\crystals\roi1.txt,-1
\\isi.storwis.weizmann.ac.il\Labs\dvirg\zoharba\ALBA Oct 2022\20221027\Alba31_3_72hpf\Escan\Escan_tomo18\process\crystals\roi10.txt,-1
\\isi.storwis.weizmann.ac.il\Labs\dvirg\zoharba\ALBA Oct 2022\20221027\Alba31_3_72hpf\Escan\Escan_tomo18\process\crystals\roi11.txt,-1
\\isi.storwis.weizmann.ac.il\Labs\dvirg\zoharba\ALBA Oct 2022\20221027\Alba31_3_72hpf\Escan\Escan_tomo18\process\crystals\roi12.txt,-1
\\isi.storwis.weizmann.ac.il\Labs\dvirg\zoharba\ALBA Oct 2022\20221027\Alba31_3_72hpf\Escan\Escan_tomo18\process\crystals\roi13.txt,-1
\\isi.storwis.weizmann.ac.il\Labs\dvirg\zoharba\ALBA Oct 2022\20221027\Alba31_3_72hpf\Escan\Escan_tomo18\process\crystals\roi14.txt,-1
\\isi.storwis.weizmann.ac.il\Labs\dvirg\zoharba\ALBA Oct 2022\20221027\Alba31_3_72hpf\Escan\Escan_tomo18\process\crystals\roi15.txt,-1
\\isi.storwis.weizmann.ac.il\Labs\dvirg\zoharba\ALBA Oct 2022\20221027\Alba31_3_72hpf\Escan\Escan_tomo18\process\crystals\roi16.txt,-1
\\isi.storwis.weizmann.ac.il\Labs\dvirg\zoharba\ALBA Oct 2022\20221027\Alba31_3_72hpf\Escan\Escan_tomo18\process\crystals\roi2.txt,-1
\\isi.storwis.weizmann.ac.il\Labs\dvirg\zoharba\ALBA Oct 2022\20221027\Alba31_3_72hpf\Escan\Escan_tomo18\process\crystals\roi3.txt,-1
\\isi.storwis.weizmann.ac.il\Labs\dvirg\zoharba\ALBA Oct 2022\20221027\Alba31_3_72hpf\Escan\Escan_tomo18\process\crystals\roi4.txt,-1
\\isi.storwis.weizmann.ac.il\Labs\dvirg\zoharba\ALBA Oct 2022\20221027\Alba31_3_72hpf\Escan\Escan_tomo18\process\crystals\roi5.txt,-1
\\isi.storwis.weizmann.ac.il\Labs\dvirg\zoharba\ALBA Oct 2022\20221027\Alba31_3_72hpf\Escan\Escan_tomo18\process\crystals\roi6.txt,-1
\\isi.storwis.weizmann.ac.il\Labs\dvirg\zoharba\ALBA Oct 2022\20221027\Alba31_3_72hpf\Escan\Escan_tomo18\process\crystals\roi7.txt,-1
\\isi.storwis.weizmann.ac.il\Labs\dvirg\zoharba\ALBA Oct 2022\20221027\Alba31_3_72hpf\Escan\Escan_tomo18\process\crystals\roi8.txt,-1
\\isi.storwis.weizmann.ac.il\Labs\dvirg\zoharba\ALBA Oct 2022\20221027\Alba31_3_72hpf\Escan\Escan_tomo18\process\crystals\roi9.txt,-1
\\isi.storwis.weizmann.ac.il\Labs\dvirg\zoharba\ALBA Oct 2022\20221027\Alba31_3_72hpf\Escan\Escan_tomo18\process\vesicles\roi1.txt,-1
\\isi.storwis.weizmann.ac.il\Labs\dvirg\zoharba\ALBA Oct 2022\20221027\Alba31_3_72hpf\Escan\Escan_tomo18\process\vesicles\roi10.txt,-1
\\isi.storwis.weizmann.ac.il\Labs\dvirg\zoharba\ALBA Oct 2022\20221027\Alba31_3_72hpf\Escan\Escan_tomo18\process\vesicles\roi2.txt,-1
\\isi.storwis.weizmann.ac.il\Labs\dvirg\zoharba\ALBA Oct 2022\20221027\Alba31_3_72hpf\Escan\Escan_tomo18\process\vesicles\roi3.txt,-1
\\isi.storwis.weizmann.ac.il\Labs\dvirg\zoharba\ALBA Oct 2022\20221027\Alba31_3_72hpf\Escan\Escan_tomo18\process\vesicles\roi4.txt,-1
\\isi.storwis.weizmann.ac.il\Labs\dvirg\zoharba\ALBA Oct 2022\20221027\Alba31_3_72hpf\Escan\Escan_tomo18\process\vesicles\roi5.txt,-1
\\isi.storwis.weizmann.ac.il\Labs\dvirg\zoharba\ALBA Oct 2022\20221027\Alba31_3_72hpf\Escan\Escan_tomo18\process\vesicles\roi6.txt,-1
\\isi.storwis.weizmann.ac.il\Labs\dvirg\zoharba\ALBA Oct 2022\20221027\Alba31_3_72hpf\Escan\Escan_tomo18\process\vesicles\roi7.txt,-1
\\isi.storwis.weizmann.ac.il\Labs\dvirg\zoharba\ALBA Oct 2022\20221027\Alba31_3_72hpf\Escan\Escan_tomo18\process\vesicles\roi8.txt,-1
\\isi.storwis.weizmann.ac.il\Labs\dvirg\zoharba\ALBA Oct 2022\20221027\Alba31_3_72hpf\Escan\Escan_tomo18\process\vesicles\roi9.txt,-1
\\isi.storwis.weizmann.ac.il\Labs\dvirg\zoharba\ALBA Oct 2022\20221027\Alba31_3_72hpf\Escan\Escan_tomo17\process\crystals\roi1.txt,-1
\\isi.storwis.weizmann.ac.il\Labs\dvirg\zoharba\ALBA Oct 2022\20221027\Alba31_3_72hpf\Escan\Escan_tomo17\process\crystals\roi2.txt,-1
\\isi.storwis.weizmann.ac.il\Labs\dvirg\zoharba\ALBA Oct 2022\20221027\Alba31_3_72hpf\Escan\Escan_tomo17\process\crystals\roi3.txt,-1
\\isi.storwis.weizmann.ac.il\Labs\dvirg\zoharba\ALBA Oct 2022\20221027\Alba31_3_72hpf\Escan\Escan_tomo17\process\crystals\roi4.txt,-1
\\isi.storwis.weizmann.ac.il\Labs\dvirg\zoharba\ALBA Oct 2022\20221027\Alba31_3_72hpf\Escan\Escan_tomo17\process\crystals\roi5.txt,-1
\\isi.storwis.weizmann.ac.il\Labs\dvirg\zoharba\ALBA Oct 2022\20221027\Alba31_3_72hpf\Escan\Escan_tomo17\process\crystals\roi6.txt,-1
\\isi.storwis.weizmann.ac.il\Labs\dvirg\zoharba\ALBA Oct 2022\20221027\Alba31_3_72hpf\Escan\Escan_tomo11\process11\small\roi1.txt,1
\\isi.storwis.weizmann.ac.il\Labs\dvirg\zoharba\ALBA Oct 2022\20221027\Alba31_3_72hpf\Escan\Escan_tomo13\process\vesicles\roi1.txt,-1
\\isi.storwis.weizmann.ac.il\Labs\dvirg\zoharba\ALBA Oct 2022\20221027\Alba31_3_72hpf\Escan\Escan_tomo13\process\vesicles\roi10.txt,-1
\\isi.storwis.weizmann.ac.il\Labs\dvirg\zoharba\ALBA Oct 2022\20221027\Alba31_3_72hpf\Escan\Escan_tomo13\process\vesicles\roi11.txt,-1
\\isi.storwis.weizmann.ac.il\Labs\dvirg\zoharba\ALBA Oct 2022\20221027\Alba31_3_72hpf\Escan\Escan_tomo13\process\vesicles\roi12.txt,-1
\\isi.storwis.weizmann.ac.il\Labs\dvirg\zoharba\ALBA Oct 2022\20221027\Alba31_3_72hpf\Escan\Escan_tomo13\process\vesicles\roi2.txt,-1
\\isi.storwis.weizmann.ac.il\Labs\dvirg\zoharba\ALBA Oct 2022\20221027\Alba31_3_72hpf\Escan\Escan_tomo13\process\vesicles\roi3.txt,-1
\\isi.storwis.weizmann.ac.il\Labs\dvirg\zoharba\ALBA Oct 2022\20221027\Alba31_3_72hpf\Escan\Escan_tomo13\process\vesicles\roi4.txt,-1
\\isi.storwis.weizmann.ac.il\Labs\dvirg\zoharba\ALBA Oct 2022\20221027\Alba31_3_72hpf\Escan\Escan_tomo13\process\vesicles\roi5.txt,-1
\\isi.storwis.weizmann.ac.il\Labs\dvirg\zoharba\ALBA Oct 2022\20221027\Alba31_3_72hpf\Escan\Escan_tomo13\process\vesicles\roi6.txt,-1
\\isi.storwis.weizmann.ac.il\Labs\dvirg\zoharba\ALBA Oct 2022\20221027\Alba31_3_72hpf\Escan\Escan_tomo13\process\vesicles\roi7.txt,-1
\\isi.storwis.weizmann.ac.il\Labs\dvirg\zoharba\ALBA Oct 2022\20221027\Alba31_3_72hpf\Escan\Escan_tomo13\process\vesicles\roi8.txt,-1
\\isi.storwis.weizmann.ac.il\Labs\dvirg\zoharba\ALBA Oct 2022\20221027\Alba31_3_72hpf\Escan\Escan_tomo13\process\vesicles\roi9.txt,-1
\\isi.storwis.weizmann.ac.il\Labs\dvirg\zoharba\ALBA Oct 2022\20221027\Alba31_3_72hpf\Escan\Escan_tomo14\process\vesicles\roi1.txt,-1
\\isi.storwis.weizmann.ac.il\Labs\dvirg\zoharba\ALBA Oct 2022\20221027\Alba31_3_72hpf\Escan\Escan_tomo14\process\vesicles\roi2.txt,-1
\\isi.storwis.weizmann.ac.il\Labs\dvirg\zoharba\ALBA Oct 2022\20221027\Alba31_3_72hpf\Escan\Escan_tomo14\process\vesicles\roi3.txt,-1
\\isi.storwis.weizmann.ac.il\Labs\dvirg\zoharba\ALBA Oct 2022\20221027\Alba31_3_72hpf\Escan\Escan_tomo14\process\vesicles\roi4.txt,-1
\\isi.storwis.weizmann.ac.il\Labs\dvirg\zoharba\ALBA Oct 2022\20221027\Alba31_3_72hpf\Escan\Escan_tomo14\process\vesicles\roi5.txt,-1
\\isi.storwis.weizmann.ac.il\Labs\dvirg\zoharba\ALBA Oct 2022\20221027\Alba31_3_72hpf\Escan\Escan_tomo14\process\vesicles\roi6.txt,-1
\\isi.storwis.weizmann.ac.il\Labs\dvirg\zoharba\ALBA Oct 2022\20221027\Alba31_3_72hpf\Escan\Escan_tomo14\process\vesicles\roi7.txt,-1
\\isi.storwis.weizmann.ac.il\Labs\dvirg\zoharba\ALBA Oct 2022\20221027\Alba31_3_72hpf\Escan\Escan_tomo14\process\vesicles\roi8.txt,-1
\\isi.storwis.weizmann.ac.il\Labs\dvirg\zoharba\ALBA Oct 2022\20221027\Alba31_3_72hpf\Escan\Escan_tomo14\process\vesicles\roi9.txt,-1
\\isi.storwis.weizmann.ac.il\Labs\dvirg\zoharba\ALBA Oct 2022\20221027\Alba31_3_72hpf\Escan\Escan_tomo19\process\crystals\roi1.txt,-1
\\isi.storwis.weizmann.ac.il\Labs\dvirg\zoharba\ALBA Oct 2022\20221027\Alba31_3_72hpf\Escan\Escan_tomo19\process\crystals\roi10.txt,-1
\\isi.storwis.weizmann.ac.il\Labs\dvirg\zoharba\ALBA Oct 2022\20221027\Alba31_3_72hpf\Escan\Escan_tomo19\process\crystals\roi11.txt,-1
\\isi.storwis.weizmann.ac.il\Labs\dvirg\zoharba\ALBA Oct 2022\20221027\Alba31_3_72hpf\Escan\Escan_tomo19\process\crystals\roi12.txt,-1
\\isi.storwis.weizmann.ac.il\Labs\dvirg\zoharba\ALBA Oct 2022\20221027\Alba31_3_72hpf\Escan\Escan_tomo19\process\crystals\roi13.txt,-1
\\isi.storwis.weizmann.ac.il\Labs\dvirg\zoharba\ALBA Oct 2022\20221027\Alba31_3_72hpf\Escan\Escan_tomo19\process\crystals\roi14.txt,-1
\\isi.storwis.weizmann.ac.il\Labs\dvirg\zoharba\ALBA Oct 2022\20221027\Alba31_3_72hpf\Escan\Escan_tomo19\process\crystals\roi15.txt,-1
\\isi.storwis.weizmann.ac.il\Labs\dvirg\zoharba\ALBA Oct 2022\20221027\Alba31_3_72hpf\Escan\Escan_tomo19\process\crystals\roi2.txt,-1
\\isi.storwis.weizmann.ac.il\Labs\dvirg\zoharba\ALBA Oct 2022\20221027\Alba31_3_72hpf\Escan\Escan_tomo19\process\crystals\roi3.txt,-1
\\isi.storwis.weizmann.ac.il\Labs\dvirg\zoharba\ALBA Oct 2022\20221027\Alba31_3_72hpf\Escan\Escan_tomo19\process\crystals\roi4.txt,-1
\\isi.storwis.weizmann.ac.il\Labs\dvirg\zoharba\ALBA Oct 2022\20221027\Alba31_3_72hpf\Escan\Escan_tomo19\process\crystals\roi5.txt,-1
\\isi.storwis.weizmann.ac.il\Labs\dvirg\zoharba\ALBA Oct 2022\20221027\Alba31_3_72hpf\Escan\Escan_tomo19\process\crystals\roi6.txt,-1
\\isi.storwis.weizmann.ac.il\Labs\dvirg\zoharba\ALBA Oct 2022\20221027\Alba31_3_72hpf\Escan\Escan_tomo19\process\crystals\roi7.txt,-1
\\isi.storwis.weizmann.ac.il\Labs\dvirg\zoharba\ALBA Oct 2022\20221027\Alba31_3_72hpf\Escan\Escan_tomo19\process\crystals\roi8.txt,-1
\\isi.storwis.weizmann.ac.il\Labs\dvirg\zoharba\ALBA Oct 2022\20221027\Alba31_3_72hpf\Escan\Escan_tomo19\process\crystals\roi9.txt,-1
\\isi.storwis.weizmann.ac.il\Labs\dvirg\zoharba\ALBA Oct 2022\20221027\Alba31_3_72hpf\Escan\Escan_tomo19\process\vesicles\roi1.txt,-1
\\isi.storwis.weizmann.ac.il\Labs\dvirg\zoharba\ALBA Oct 2022\20221027\Alba31_3_72hpf\Escan\Escan_tomo19\process\vesicles\roi2.txt,-1
\\isi.storwis.weizmann.ac.il\Labs\dvirg\zoharba\ALBA Oct 2022\20221027\Alba31_3_72hpf\Escan\Escan_tomo19\process\vesicles\roi3.txt,-1
\\isi.storwis.weizmann.ac.il\Labs\dvirg\zoharba\ALBA Oct 2022\20221027\Alba47_1_48hpf\Escan\Escan_tomo9\process\crystals\roi1.txt,-1
\\isi.storwis.weizmann.ac.il\Labs\dvirg\zoharba\ALBA Oct 2022\20221027\Alba47_1_48hpf\Escan\Escan_tomo9\process\crystals\roi10.txt,-1
\\isi.storwis.weizmann.ac.il\Labs\dvirg\zoharba\ALBA Oct 2022\20221027\Alba47_1_48hpf\Escan\Escan_tomo9\process\crystals\roi11.txt,-1
\\isi.storwis.weizmann.ac.il\Labs\dvirg\zoharba\ALBA Oct 2022\20221027\Alba47_1_48hpf\Escan\Escan_tomo9\process\crystals\roi12.txt,-1
\\isi.storwis.weizmann.ac.il\Labs\dvirg\zoharba\ALBA Oct 2022\20221027\Alba47_1_48hpf\Escan\Escan_tomo9\process\crystals\roi13.txt,-1
\\isi.storwis.weizmann.ac.il\Labs\dvirg\zoharba\ALBA Oct 2022\20221027\Alba47_1_48hpf\Escan\Escan_tomo9\process\crystals\roi14.txt,-1
\\isi.storwis.weizmann.ac.il\Labs\dvirg\zoharba\ALBA Oct 2022\20221027\Alba47_1_48hpf\Escan\Escan_tomo9\process\crystals\roi15.txt,-1
\\isi.storwis.weizmann.ac.il\Labs\dvirg\zoharba\ALBA Oct 2022\20221027\Alba47_1_48hpf\Escan\Escan_tomo9\process\crystals\roi16.txt,-1
\\isi.storwis.weizmann.ac.il\Labs\dvirg\zoharba\ALBA Oct 2022\20221027\Alba47_1_48hpf\Escan\Escan_tomo9\process\crystals\roi17.txt,-1
\\isi.storwis.weizmann.ac.il\Labs\dvirg\zoharba\ALBA Oct 2022\20221027\Alba47_1_48hpf\Escan\Escan_tomo9\process\crystals\roi18.txt,-1
\\isi.storwis.weizmann.ac.il\Labs\dvirg\zoharba\ALBA Oct 2022\20221027\Alba47_1_48hpf\Escan\Escan_tomo9\process\crystals\roi19.txt,-1
\\isi.storwis.weizmann.ac.il\Labs\dvirg\zoharba\ALBA Oct 2022\20221027\Alba47_1_48hpf\Escan\Escan_tomo9\process\crystals\roi2.txt,-1
\\isi.storwis.weizmann.ac.il\Labs\dvirg\zoharba\ALBA Oct 2022\20221027\Alba47_1_48hpf\Escan\Escan_tomo9\process\crystals\roi20.txt,-1
\\isi.storwis.weizmann.ac.il\Labs\dvirg\zoharba\ALBA Oct 2022\20221027\Alba47_1_48hpf\Escan\Escan_tomo9\process\crystals\roi21.txt,-1
\\isi.storwis.weizmann.ac.il\Labs\dvirg\zoharba\ALBA Oct 2022\20221027\Alba47_1_48hpf\Escan\Escan_tomo9\process\crystals\roi22.txt,-1
\\isi.storwis.weizmann.ac.il\Labs\dvirg\zoharba\ALBA Oct 2022\20221027\Alba47_1_48hpf\Escan\Escan_tomo9\process\crystals\roi23.txt,-1
\\isi.storwis.weizmann.ac.il\Labs\dvirg\zoharba\ALBA Oct 2022\20221027\Alba47_1_48hpf\Escan\Escan_tomo9\process\crystals\roi24.txt,-1
\\isi.storwis.weizmann.ac.il\Labs\dvirg\zoharba\ALBA Oct 2022\20221027\Alba47_1_48hpf\Escan\Escan_tomo9\process\crystals\roi25.txt,-1
\\isi.storwis.weizmann.ac.il\Labs\dvirg\zoharba\ALBA Oct 2022\20221027\Alba47_1_48hpf\Escan\Escan_tomo9\process\crystals\roi26.txt,-1
\\isi.storwis.weizmann.ac.il\Labs\dvirg\zoharba\ALBA Oct 2022\20221027\Alba47_1_48hpf\Escan\Escan_tomo9\process\crystals\roi27.txt,-1
\\isi.storwis.weizmann.ac.il\Labs\dvirg\zoharba\ALBA Oct 2022\20221027\Alba47_1_48hpf\Escan\Escan_tomo9\process\crystals\roi28.txt,-1
\\isi.storwis.weizmann.ac.il\Labs\dvirg\zoharba\ALBA Oct 2022\20221027\Alba47_1_48hpf\Escan\Escan_tomo9\process\crystals\roi3.txt,-1
\\isi.storwis.weizmann.ac.il\Labs\dvirg\zoharba\ALBA Oct 2022\20221027\Alba47_1_48hpf\Escan\Escan_tomo9\process\crystals\roi4.txt,-1
\\isi.storwis.weizmann.ac.il\Labs\dvirg\zoharba\ALBA Oct 2022\20221027\Alba47_1_48hpf\Escan\Escan_tomo9\process\crystals\roi5.txt,-1
\\isi.storwis.weizmann.ac.il\Labs\dvirg\zoharba\ALBA Oct 2022\20221027\Alba47_1_48hpf\Escan\Escan_tomo9\process\crystals\roi6.txt,-1
\\isi.storwis.weizmann.ac.il\Labs\dvirg\zoharba\ALBA Oct 2022\20221027\Alba47_1_48hpf\Escan\Escan_tomo9\process\crystals\roi7.txt,-1
\\isi.storwis.weizmann.ac.il\Labs\dvirg\zoharba\ALBA Oct 2022\20221027\Alba47_1_48hpf\Escan\Escan_tomo9\process\crystals\roi8.txt,-1
\\isi.storwis.weizmann.ac.il\Labs\dvirg\zoharba\ALBA Oct 2022\20221027\Alba47_1_48hpf\Escan\Escan_tomo9\process\crystals\roi9.txt,-1
\\isi.storwis.weizmann.ac.il\Labs\dvirg\zoharba\ALBA Oct 2022\20221027\Alba47_1_48hpf\Escan\Escan_tomo9\process\vesicles\roi1.txt,-1
\\isi.storwis.weizmann.ac.il\Labs\dvirg\zoharba\ALBA Oct 2022\20221027\Alba47_1_48hpf\Escan\Escan_tomo8\process\crystals\roi1.txt,-1
\\isi.storwis.weizmann.ac.il\Labs\dvirg\zoharba\ALBA Oct 2022\20221027\Alba47_1_48hpf\Escan\Escan_tomo10\process\vesicles\roi1.txt,-1
\\isi.storwis.weizmann.ac.il\Labs\dvirg\zoharba\ALBA Oct 2022\20221027\Alba47_1_48hpf\Escan\Escan_tomo10\process\vesicles\roi2.txt,-1
\\isi.storwis.weizmann.ac.il\Labs\dvirg\zoharba\ALBA Oct 2022\20221027\Alba47_1_48hpf\Escan\Escan_tomo7\process\crystals\roi1.txt,-1
\\isi.storwis.weizmann.ac.il\Labs\dvirg\zoharba\ALBA Oct 2022\20221027\Alba47_1_48hpf\Escan\Escan_tomo7\process\crystals\roi10.txt,-1
\\isi.storwis.weizmann.ac.il\Labs\dvirg\zoharba\ALBA Oct 2022\20221027\Alba47_1_48hpf\Escan\Escan_tomo7\process\crystals\roi11.txt,-1
\\isi.storwis.weizmann.ac.il\Labs\dvirg\zoharba\ALBA Oct 2022\20221027\Alba47_1_48hpf\Escan\Escan_tomo7\process\crystals\roi12.txt,-1
\\isi.storwis.weizmann.ac.il\Labs\dvirg\zoharba\ALBA Oct 2022\20221027\Alba47_1_48hpf\Escan\Escan_tomo7\process\crystals\roi13.txt,-1
\\isi.storwis.weizmann.ac.il\Labs\dvirg\zoharba\ALBA Oct 2022\20221027\Alba47_1_48hpf\Escan\Escan_tomo7\process\crystals\roi14.txt,-1
\\isi.storwis.weizmann.ac.il\Labs\dvirg\zoharba\ALBA Oct 2022\20221027\Alba47_1_48hpf\Escan\Escan_tomo7\process\crystals\roi15.txt,-1
\\isi.storwis.weizmann.ac.il\Labs\dvirg\zoharba\ALBA Oct 2022\20221027\Alba47_1_48hpf\Escan\Escan_tomo7\process\crystals\roi16.txt,-1
\\isi.storwis.weizmann.ac.il\Labs\dvirg\zoharba\ALBA Oct 2022\20221027\Alba47_1_48hpf\Escan\Escan_tomo7\process\crystals\roi17.txt,-1
\\isi.storwis.weizmann.ac.il\Labs\dvirg\zoharba\ALBA Oct 2022\20221027\Alba47_1_48hpf\Escan\Escan_tomo7\process\crystals\roi18.txt,-1
\\isi.storwis.weizmann.ac.il\Labs\dvirg\zoharba\ALBA Oct 2022\20221027\Alba47_1_48hpf\Escan\Escan_tomo7\process\crystals\roi19.txt,-1
\\isi.storwis.weizmann.ac.il\Labs\dvirg\zoharba\ALBA Oct 2022\20221027\Alba47_1_48hpf\Escan\Escan_tomo7\process\crystals\roi2.txt,-1
\\isi.storwis.weizmann.ac.il\Labs\dvirg\zoharba\ALBA Oct 2022\20221027\Alba47_1_48hpf\Escan\Escan_tomo7\process\crystals\roi3.txt,-1
\\isi.storwis.weizmann.ac.il\Labs\dvirg\zoharba\ALBA Oct 2022\20221027\Alba47_1_48hpf\Escan\Escan_tomo7\process\crystals\roi4.txt,-1
\\isi.storwis.weizmann.ac.il\Labs\dvirg\zoharba\ALBA Oct 2022\20221027\Alba47_1_48hpf\Escan\Escan_tomo7\process\crystals\roi5.txt,-1
\\isi.storwis.weizmann.ac.il\Labs\dvirg\zoharba\ALBA Oct 2022\20221027\Alba47_1_48hpf\Escan\Escan_tomo7\process\crystals\roi6.txt,-1
\\isi.storwis.weizmann.ac.il\Labs\dvirg\zoharba\ALBA Oct 2022\20221027\Alba47_1_48hpf\Escan\Escan_tomo7\process\crystals\roi7.txt,-1
\\isi.storwis.weizmann.ac.il\Labs\dvirg\zoharba\ALBA Oct 2022\20221027\Alba47_1_48hpf\Escan\Escan_tomo7\process\crystals\roi8.txt,-1
\\isi.storwis.weizmann.ac.il\Labs\dvirg\zoharba\ALBA Oct 2022\20221027\Alba47_1_48hpf\Escan\Escan_tomo7\process\crystals\roi9.txt,-1
\\isi.storwis.weizmann.ac.il\Labs\dvirg\zoharba\ALBA Oct 2022\20221027\Alba47_1_48hpf\Escan\Escan_tomo6\process6\vesicle\roi1.txt,1
\\isi.storwis.weizmann.ac.il\Labs\dvirg\zoharba\ALBA Oct 2022\20221027\Alba47_1_48hpf\Escan\Escan_tomo6\process6\vesicle\roi2.txt,1
\\isi.storwis.weizmann.ac.il\Labs\dvirg\zoharba\ALBA Oct 2022\20221027\Alba47_1_48hpf\Escan\Escan_tomo6\process6\vesicle\roi3.txt,1
\\isi.storwis.weizmann.ac.il\Labs\dvirg\zoharba\ALBA Oct 2022\20221027\Alba47_1_48hpf\Escan\Escan_tomo6\process6\vesicle\roi4.txt,1
\\isi.storwis.weizmann.ac.il\Labs\dvirg\zoharba\ALBA Oct 2022\20221027\Alba47_1_48hpf\Escan\Escan_tomo6\process6\vesicle\roi5.txt,1
\\isi.storwis.weizmann.ac.il\Labs\dvirg\zoharba\ALBA Oct 2022\20221027\Alba47_1_48hpf\Escan\Escan_tomo6\process6\vesicle\roi6.txt,1
\\isi.storwis.weizmann.ac.il\Labs\dvirg\zoharba\ALBA Oct 2022\20221027\Alba47_1_48hpf\Escan\Escan_tomo6\process6\vesicle\roi7.txt,1
\\isi.storwis.weizmann.ac.il\Labs\dvirg\zoharba\ALBA Oct 2022\20221206\Escan\serie\process\crystals\roi1.txt,-1
\\isi.storwis.weizmann.ac.il\Labs\dvirg\zoharba\ALBA Oct 2022\20221206\Escan\serie\process\crystals\roi2.txt,-1
\\isi.storwis.weizmann.ac.il\Labs\dvirg\zoharba\ALBA Oct 2022\20221206\Escan30\serie30\process\crystals\roi1.txt,-1
\\isi.storwis.weizmann.ac.il\Labs\dvirg\zoharba\ALBA Oct 2022\20221206\Escan30\serie30\process\crystals\roi2.txt,-1
\\isi.storwis.weizmann.ac.il\Labs\dvirg\zoharba\ALBA Oct 2022\20221206\Escan45\serie45\process\crystals\roi1.txt,-1
\\isi.storwis.weizmann.ac.il\Labs\dvirg\zoharba\ALBA Oct 2022\20221206\Escan45\serie45\process\crystals\roi2.txt,-1
\\isi.storwis.weizmann.ac.il\Labs\dvirg\zoharba\ALBA Oct 2022\20221206\Escan60\serie60\process\crystals\roi1.txt,-1
\\isi.storwis.weizmann.ac.il\Labs\dvirg\zoharba\ALBA Oct 2022\20221206\Escan60\serie60\process\crystals\roi2.txt,-1
\\isi.storwis.weizmann.ac.il\Labs\dvirg\zoharba\ALBA Oct 2022\20221206\RadDam\serie5\process\crystals\roi1.txt,-1
\\isi.storwis.weizmann.ac.il\Labs\dvirg\zoharba\ALBA Oct 2022\20221206\RadDam\serie7\process\crystals\roi1.txt,-1
\\isi.storwis.weizmann.ac.il\Labs\dvirg\zoharba\ALBA Oct 2022\20221206\RadDam\serie8\process\crystals\roi1.txt,-1
\\isi.storwis.weizmann.ac.il\Labs\dvirg\zoharba\ALBA Oct 2022\20221206\RadDam\serie2\process\crystals\roi1.txt,-1
\\isi.storwis.weizmann.ac.il\Labs\dvirg\zoharba\ALBA Oct 2022\20221206\RadDam\serie4\process\crystals\roi1.txt,-1
\\isi.storwis.weizmann.ac.il\Labs\dvirg\zoharba\ALBA Oct 2022\20221206\RadDam\serie3\process\crystals\roi1.txt,-1
\\isi.storwis.weizmann.ac.il\Labs\dvirg\zoharba\ALBA Oct 2022\20221206\RadDam\serie10\process\crystals\roi1.txt,-1
\\isi.storwis.weizmann.ac.il\Labs\dvirg\zoharba\ALBA Oct 2022\20221206\RadDam\serie9\process\crystals\roi1.txt,-1
\\isi.storwis.weizmann.ac.il\Labs\dvirg\zoharba\ALBA Oct 2022\20221206\RadDam\serie1\process\crystals\roi1.txt,-1
\\isi.storwis.weizmann.ac.il\Labs\dvirg\zoharba\ALBA Oct 2022\20221206\RadDam\serie6\process\crystals\roi1.txt,-1
\\isi.storwis.weizmann.ac.il\Labs\dvirg\zoharba\ALBA May 2023\20230524\ALBA25_G4_72hpf\tilting\Escan_0deg\serie_0deg_OF\process\crystals\roi1.txt,1
\\isi.storwis.weizmann.ac.il\Labs\dvirg\zoharba\ALBA May 2023\20230524\ALBA25_G4_72hpf\tilting\Escan_0deg\serie_0deg_OF\process\crystals\roi2.txt,1
\\isi.storwis.weizmann.ac.il\Labs\dvirg\zoharba\ALBA May 2023\20230524\ALBA25_G4_72hpf\tilting\Escan_0deg\serie_0deg_OF\process\crystals\roi3.txt,1
\\isi.storwis.weizmann.ac.il\Labs\dvirg\zoharba\ALBA May 2023\20230524\ALBA25_G4_72hpf\tilting\Escan_0deg\serie_0deg_OF\process\crystals\roi4.txt,1
\\isi.storwis.weizmann.ac.il\Labs\dvirg\zoharba\ALBA May 2023\20230524\ALBA25_G4_72hpf\tilting\Escan_0deg\serie_0deg_OF\process\vesicles\roi1.txt,1
\\isi.storwis.weizmann.ac.il\Labs\dvirg\zoharba\ALBA May 2023\20230524\ALBA25_G4_72hpf\tilting\Escan_0deg\serie_0deg_OF\process\vesicles\roi2.txt,1
\\isi.storwis.weizmann.ac.il\Labs\dvirg\zoharba\ALBA May 2023\20230524\ALBA25_G4_72hpf\tilting\Escan_0deg\serie_0deg_OF\process\vesicles\roi3.txt,1
\\isi.storwis.weizmann.ac.il\Labs\dvirg\zoharba\ALBA May 2023\20230524\ALBA25_G4_72hpf\tilting\Escan_0deg\serie_0deg_OF\process\vesicles\roi4.txt,1
\\isi.storwis.weizmann.ac.il\Labs\dvirg\zoharba\ALBA May 2023\20230524\ALBA25_G4_72hpf\tilting\Escan_10deg\serie_OF\process\roi1.txt,-1
\\isi.storwis.weizmann.ac.il\Labs\dvirg\zoharba\ALBA May 2023\20230524\ALBA25_G4_72hpf\tilting\Escan_10deg\serie_OF\process\roi2.txt,-1
\\isi.storwis.weizmann.ac.il\Labs\dvirg\zoharba\ALBA May 2023\20230524\ALBA25_G4_72hpf\tilting\Escan_10deg\serie_OF\process\roi3.txt,-1
\\isi.storwis.weizmann.ac.il\Labs\dvirg\zoharba\ALBA May 2023\20230524\ALBA25_G4_72hpf\tilting\Escan_10deg\serie_OF\process\crystals\roi1.txt,1
\\isi.storwis.weizmann.ac.il\Labs\dvirg\zoharba\ALBA May 2023\20230524\ALBA25_G4_72hpf\tilting\Escan_10deg\serie_OF\process\crystals\roi2.txt,1
\\isi.storwis.weizmann.ac.il\Labs\dvirg\zoharba\ALBA May 2023\20230524\ALBA25_G4_72hpf\tilting\Escan_10deg\serie_OF\process\crystals\roi3.txt,1
\\isi.storwis.weizmann.ac.il\Labs\dvirg\zoharba\ALBA May 2023\20230524\ALBA25_G4_72hpf\tilting\Escan_10deg\serie_OF\process\crystals\roi4.txt,1
\\isi.storwis.weizmann.ac.il\Labs\dvirg\zoharba\ALBA May 2023\20230524\ALBA25_G4_72hpf\tilting\Escan_10deg\serie_OF\process\vesicles\roi1.txt,1
\\isi.storwis.weizmann.ac.il\Labs\dvirg\zoharba\ALBA May 2023\20230524\ALBA25_G4_72hpf\tilting\Escan_10deg\serie_OF\process\vesicles\roi2.txt,1
\\isi.storwis.weizmann.ac.il\Labs\dvirg\zoharba\ALBA May 2023\20230524\ALBA25_G4_72hpf\tilting\Escan_10deg\serie_OF\process\vesicles\roi3.txt,1
\\isi.storwis.weizmann.ac.il\Labs\dvirg\zoharba\ALBA May 2023\20230524\ALBA25_G4_72hpf\tilting\Escan_10deg\serie_OF\process\vesicles\roi4.txt,1
\\isi.storwis.weizmann.ac.il\Labs\dvirg\zoharba\ALBA May 2023\20230524\ALBA25_G4_72hpf\tilting\Escan_20deg\serie_OF\process\crystals\roi1.txt,1
\\isi.storwis.weizmann.ac.il\Labs\dvirg\zoharba\ALBA May 2023\20230524\ALBA25_G4_72hpf\tilting\Escan_20deg\serie_OF\process\crystals\roi2.txt,1
\\isi.storwis.weizmann.ac.il\Labs\dvirg\zoharba\ALBA May 2023\20230524\ALBA25_G4_72hpf\tilting\Escan_20deg\serie_OF\process\crystals\roi3.txt,1
\\isi.storwis.weizmann.ac.il\Labs\dvirg\zoharba\ALBA May 2023\20230524\ALBA25_G4_72hpf\tilting\Escan_20deg\serie_OF\process\crystals\roi4.txt,1
\\isi.storwis.weizmann.ac.il\Labs\dvirg\zoharba\ALBA May 2023\20230524\ALBA25_G4_72hpf\tilting\Escan_20deg\serie_OF\process\crystals\roi5.txt,1
\\isi.storwis.weizmann.ac.il\Labs\dvirg\zoharba\ALBA May 2023\20230524\ALBA25_G4_72hpf\tilting\Escan_20deg\serie_OF\process\vesicles\roi1.txt,1
\\isi.storwis.weizmann.ac.il\Labs\dvirg\zoharba\ALBA May 2023\20230524\ALBA25_G4_72hpf\tilting\Escan_20deg\serie_OF\process\vesicles\roi2.txt,1
\\isi.storwis.weizmann.ac.il\Labs\dvirg\zoharba\ALBA May 2023\20230524\ALBA25_G4_72hpf\tilting\Escan_20deg\serie_OF\process\vesicles\roi3.txt,1
\\isi.storwis.weizmann.ac.il\Labs\dvirg\zoharba\ALBA May 2023\20230524\ALBA25_G4_72hpf\tilting\Escan_20deg\serie_OF\process\vesicles\roi4.txt,1
\\isi.storwis.weizmann.ac.il\Labs\dvirg\zoharba\ALBA May 2023\20230524\ALBA25_G4_72hpf\tilting\Escan_30deg\serie_OF\process\crystals\roi1.txt,1
\\isi.storwis.weizmann.ac.il\Labs\dvirg\zoharba\ALBA May 2023\20230524\ALBA25_G4_72hpf\tilting\Escan_30deg\serie_OF\process\crystals\roi2.txt,1
\\isi.storwis.weizmann.ac.il\Labs\dvirg\zoharba\ALBA May 2023\20230524\ALBA25_G4_72hpf\tilting\Escan_30deg\serie_OF\process\crystals\roi3.txt,1
\\isi.storwis.weizmann.ac.il\Labs\dvirg\zoharba\ALBA May 2023\20230524\ALBA25_G4_72hpf\tilting\Escan_30deg\serie_OF\process\crystals\roi4.txt,1
\\isi.storwis.weizmann.ac.il\Labs\dvirg\zoharba\ALBA May 2023\20230524\ALBA25_G4_72hpf\tilting\Escan_30deg\serie_OF\process\crystals\roi6.txt,1
\\isi.storwis.weizmann.ac.il\Labs\dvirg\zoharba\ALBA May 2023\20230524\ALBA25_G4_72hpf\tilting\Escan_30deg\serie_OF\process\vesicles\roi1.txt,1
\\isi.storwis.weizmann.ac.il\Labs\dvirg\zoharba\ALBA May 2023\20230524\ALBA25_G4_72hpf\tilting\Escan_30deg\serie_OF\process\vesicles\roi2.txt,1
\\isi.storwis.weizmann.ac.il\Labs\dvirg\zoharba\ALBA May 2023\20230524\ALBA25_G4_72hpf\tilting\Escan_30deg\serie_OF\process\vesicles\roi3.txt,1
\\isi.storwis.weizmann.ac.il\Labs\dvirg\zoharba\ALBA May 2023\20230524\ALBA25_G4_72hpf\tilting\Escan_30deg\serie_OF\process\vesicles\roi4.txt,1
\\isi.storwis.weizmann.ac.il\Labs\dvirg\zoharba\ALBA May 2023\20230524\ALBA25_G4_72hpf\tilting\Escan_40deg\serie_OF\process\crystals\roi1.txt,1
\\isi.storwis.weizmann.ac.il\Labs\dvirg\zoharba\ALBA May 2023\20230524\ALBA25_G4_72hpf\tilting\Escan_40deg\serie_OF\process\crystals\roi2.txt,1
\\isi.storwis.weizmann.ac.il\Labs\dvirg\zoharba\ALBA May 2023\20230524\ALBA25_G4_72hpf\tilting\Escan_40deg\serie_OF\process\crystals\roi3.txt,1
\\isi.storwis.weizmann.ac.il\Labs\dvirg\zoharba\ALBA May 2023\20230524\ALBA25_G4_72hpf\tilting\Escan_40deg\serie_OF\process\crystals\roi4.txt,1
\\isi.storwis.weizmann.ac.il\Labs\dvirg\zoharba\ALBA May 2023\20230524\ALBA25_G4_72hpf\tilting\Escan_40deg\serie_OF\process\crystals\roi6.txt,1
\\isi.storwis.weizmann.ac.il\Labs\dvirg\zoharba\ALBA May 2023\20230524\ALBA25_G4_72hpf\tilting\Escan_40deg\serie_OF\process\vesicles\roi1.txt,1
\\isi.storwis.weizmann.ac.il\Labs\dvirg\zoharba\ALBA May 2023\20230524\ALBA25_G4_72hpf\tilting\Escan_40deg\serie_OF\process\vesicles\roi2.txt,1
\\isi.storwis.weizmann.ac.il\Labs\dvirg\zoharba\ALBA May 2023\20230524\ALBA25_G4_72hpf\tilting\Escan_40deg\serie_OF\process\vesicles\roi3.txt,1
\\isi.storwis.weizmann.ac.il\Labs\dvirg\zoharba\ALBA May 2023\20230524\ALBA25_G4_72hpf\tilting\Escan_40deg\serie_OF\process\vesicles\roi4.txt,1
\\isi.storwis.weizmann.ac.il\Labs\dvirg\zoharba\ALBA May 2023\20230524\ALBA25_G4_72hpf\tilting\Escan_50deg\serie_OF\process\crystals\roi1.txt,1
\\isi.storwis.weizmann.ac.il\Labs\dvirg\zoharba\ALBA May 2023\20230524\ALBA25_G4_72hpf\tilting\Escan_50deg\serie_OF\process\crystals\roi2.txt,1
\\isi.storwis.weizmann.ac.il\Labs\dvirg\zoharba\ALBA May 2023\20230524\ALBA25_G4_72hpf\tilting\Escan_50deg\serie_OF\process\crystals\roi3.txt,1
\\isi.storwis.weizmann.ac.il\Labs\dvirg\zoharba\ALBA May 2023\20230524\ALBA25_G4_72hpf\tilting\Escan_50deg\serie_OF\process\crystals\roi4.txt,1
\\isi.storwis.weizmann.ac.il\Labs\dvirg\zoharba\ALBA May 2023\20230524\ALBA25_G4_72hpf\tilting\Escan_50deg\serie_OF\process\crystals\roi6.txt,1
\\isi.storwis.weizmann.ac.il\Labs\dvirg\zoharba\ALBA May 2023\20230524\ALBA25_G4_72hpf\tilting\Escan_50deg\serie_OF\process\vesicles\roi1.txt,1
\\isi.storwis.weizmann.ac.il\Labs\dvirg\zoharba\ALBA May 2023\20230524\ALBA25_G4_72hpf\tilting\Escan_50deg\serie_OF\process\vesicles\roi2.txt,1
\\isi.storwis.weizmann.ac.il\Labs\dvirg\zoharba\ALBA May 2023\20230524\ALBA25_G4_72hpf\tilting\Escan_50deg\serie_OF\process\vesicles\roi3.txt,1
\\isi.storwis.weizmann.ac.il\Labs\dvirg\zoharba\ALBA May 2023\20230524\ALBA25_G4_72hpf\tilting\Escan_50deg\serie_OF\process\vesicles\roi4.txt,1
\\isi.storwis.weizmann.ac.il\Labs\dvirg\zoharba\ALBA May 2023\20230524\ALBA25_G4_72hpf\tilting\Escan_60deg\serie_OF\process\crystals\roi1.txt,1
\\isi.storwis.weizmann.ac.il\Labs\dvirg\zoharba\ALBA May 2023\20230524\ALBA25_G4_72hpf\tilting\Escan_60deg\serie_OF\process\crystals\roi2.txt,1
\\isi.storwis.weizmann.ac.il\Labs\dvirg\zoharba\ALBA May 2023\20230524\ALBA25_G4_72hpf\tilting\Escan_60deg\serie_OF\process\crystals\roi3.txt,1
\\isi.storwis.weizmann.ac.il\Labs\dvirg\zoharba\ALBA May 2023\20230524\ALBA25_G4_72hpf\tilting\Escan_60deg\serie_OF\process\crystals\roi4.txt,1
\\isi.storwis.weizmann.ac.il\Labs\dvirg\zoharba\ALBA May 2023\20230524\ALBA25_G4_72hpf\tilting\Escan_60deg\serie_OF\process\crystals\roi6.txt,1
\\isi.storwis.weizmann.ac.il\Labs\dvirg\zoharba\ALBA May 2023\20230524\ALBA25_G4_72hpf\tilting\Escan_60deg\serie_OF\process\vesicles\roi4.txt,1
\\isi.storwis.weizmann.ac.il\Labs\dvirg\zoharba\ALBA May 2023\20230523\ALBA25_G4_72hpf\rad_dam\serie5\process\crystal\roi2.txt,-1
\\isi.storwis.weizmann.ac.il\Labs\dvirg\zoharba\ALBA May 2023\20230523\ALBA25_G4_72hpf\rad_dam\serie5\process\crystal\roi3.txt,-1
\\isi.storwis.weizmann.ac.il\Labs\dvirg\zoharba\ALBA May 2023\20230523\ALBA25_G4_72hpf\rad_dam\serie5\process\crystal\roi4.txt,-1
\\isi.storwis.weizmann.ac.il\Labs\dvirg\zoharba\ALBA May 2023\20230523\ALBA25_G4_72hpf\rad_dam\serie5\process\crystal\roi5.txt,-1
\\isi.storwis.weizmann.ac.il\Labs\dvirg\zoharba\ALBA May 2023\20230523\ALBA25_G4_72hpf\rad_dam\serie5\process\vesicles\roi1.txt,-1
\\isi.storwis.weizmann.ac.il\Labs\dvirg\zoharba\ALBA May 2023\20230523\ALBA25_G4_72hpf\rad_dam\serie5\process\vesicles\roi2.txt,0
\\isi.storwis.weizmann.ac.il\Labs\dvirg\zoharba\ALBA May 2023\20230523\ALBA25_G4_72hpf\rad_dam\serie5\process\vesicles\roi3.txt,-1
\\isi.storwis.weizmann.ac.il\Labs\dvirg\zoharba\ALBA May 2023\20230523\ALBA25_G4_72hpf\rad_dam\serie5\process\vesicles\roi4.txt,-1
\\isi.storwis.weizmann.ac.il\Labs\dvirg\zoharba\ALBA May 2023\20230523\ALBA25_G4_72hpf\rad_dam\serie2\process\crystal\roi2.txt,-1
\\isi.storwis.weizmann.ac.il\Labs\dvirg\zoharba\ALBA May 2023\20230523\ALBA25_G4_72hpf\rad_dam\serie2\process\crystal\roi3.txt,-1
\\isi.storwis.weizmann.ac.il\Labs\dvirg\zoharba\ALBA May 2023\20230523\ALBA25_G4_72hpf\rad_dam\serie2\process\crystal\roi4.txt,-1
\\isi.storwis.weizmann.ac.il\Labs\dvirg\zoharba\ALBA May 2023\20230523\ALBA25_G4_72hpf\rad_dam\serie2\process\crystal\roi5.txt,-1
\\isi.storwis.weizmann.ac.il\Labs\dvirg\zoharba\ALBA May 2023\20230523\ALBA25_G4_72hpf\rad_dam\serie2\process\vesicles\roi1.txt,-1
\\isi.storwis.weizmann.ac.il\Labs\dvirg\zoharba\ALBA May 2023\20230523\ALBA25_G4_72hpf\rad_dam\serie2\process\vesicles\roi3.txt,-1
\\isi.storwis.weizmann.ac.il\Labs\dvirg\zoharba\ALBA May 2023\20230523\ALBA25_G4_72hpf\rad_dam\serie2\process\vesicles\roi4.txt,-1
\\isi.storwis.weizmann.ac.il\Labs\dvirg\zoharba\ALBA May 2023\20230523\ALBA25_G4_72hpf\rad_dam\serie4\process\crystal\roi2.txt,-1
\\isi.storwis.weizmann.ac.il\Labs\dvirg\zoharba\ALBA May 2023\20230523\ALBA25_G4_72hpf\rad_dam\serie4\process\crystal\roi3.txt,-1
\\isi.storwis.weizmann.ac.il\Labs\dvirg\zoharba\ALBA May 2023\20230523\ALBA25_G4_72hpf\rad_dam\serie4\process\crystal\roi4.txt,-1
\\isi.storwis.weizmann.ac.il\Labs\dvirg\zoharba\ALBA May 2023\20230523\ALBA25_G4_72hpf\rad_dam\serie4\process\crystal\roi5.txt,-1
\\isi.storwis.weizmann.ac.il\Labs\dvirg\zoharba\ALBA May 2023\20230523\ALBA25_G4_72hpf\rad_dam\serie4\process\vesicles\roi1.txt,-1
\\isi.storwis.weizmann.ac.il\Labs\dvirg\zoharba\ALBA May 2023\20230523\ALBA25_G4_72hpf\rad_dam\serie4\process\vesicles\roi3.txt,-1
\\isi.storwis.weizmann.ac.il\Labs\dvirg\zoharba\ALBA May 2023\20230523\ALBA25_G4_72hpf\rad_dam\serie4\process\vesicles\roi4.txt,-1
\\isi.storwis.weizmann.ac.il\Labs\dvirg\zoharba\ALBA May 2023\20230523\ALBA25_G4_72hpf\rad_dam\serie3\process\crystal\roi2.txt,-1
\\isi.storwis.weizmann.ac.il\Labs\dvirg\zoharba\ALBA May 2023\20230523\ALBA25_G4_72hpf\rad_dam\serie3\process\crystal\roi3.txt,-1
\\isi.storwis.weizmann.ac.il\Labs\dvirg\zoharba\ALBA May 2023\20230523\ALBA25_G4_72hpf\rad_dam\serie3\process\crystal\roi4.txt,-1
\\isi.storwis.weizmann.ac.il\Labs\dvirg\zoharba\ALBA May 2023\20230523\ALBA25_G4_72hpf\rad_dam\serie3\process\crystal\roi5.txt,-1
\\isi.storwis.weizmann.ac.il\Labs\dvirg\zoharba\ALBA May 2023\20230523\ALBA25_G4_72hpf\rad_dam\serie3\process\vesicles\roi1.txt,-1
\\isi.storwis.weizmann.ac.il\Labs\dvirg\zoharba\ALBA May 2023\20230523\ALBA25_G4_72hpf\rad_dam\serie3\process\vesicles\roi2.txt,-1
\\isi.storwis.weizmann.ac.il\Labs\dvirg\zoharba\ALBA May 2023\20230523\ALBA25_G4_72hpf\rad_dam\serie3\process\vesicles\roi3.txt,-1
\\isi.storwis.weizmann.ac.il\Labs\dvirg\zoharba\ALBA May 2023\20230523\ALBA25_G4_72hpf\rad_dam\serie3\process\vesicles\roi4.txt,-1
\\isi.storwis.weizmann.ac.il\Labs\dvirg\zoharba\ALBA May 2023\20230523\ALBA25_G4_72hpf\rad_dam\serie1\process\crystal\roi2.txt,-1
\\isi.storwis.weizmann.ac.il\Labs\dvirg\zoharba\ALBA May 2023\20230523\ALBA25_G4_72hpf\rad_dam\serie1\process\crystal\roi3.txt,-1
\\isi.storwis.weizmann.ac.il\Labs\dvirg\zoharba\ALBA May 2023\20230523\ALBA25_G4_72hpf\rad_dam\serie1\process\crystal\roi4.txt,-1
\\isi.storwis.weizmann.ac.il\Labs\dvirg\zoharba\ALBA May 2023\20230523\ALBA25_G4_72hpf\rad_dam\serie1\process\crystal\roi5.txt,-1
\\isi.storwis.weizmann.ac.il\Labs\dvirg\zoharba\ALBA May 2023\20230523\ALBA25_G4_72hpf\rad_dam\serie1\process\vesicles\roi2.txt,-1
\\isi.storwis.weizmann.ac.il\Labs\dvirg\zoharba\ALBA May 2023\20230523\ALBA25_G4_72hpf\rad_dam\serie1\process\vesicles\roi3.txt,-1
\\isi.storwis.weizmann.ac.il\Labs\dvirg\zoharba\ALBA May 2023\20230523\ALBA25_G4_72hpf\rad_dam\serie1\process\vesicles\roi4.txt,-1
\\isi.storwis.weizmann.ac.il\Labs\dvirg\zoharba\ALBA May 2023\20230523\ALBA25_G4_72hpf\rad_dam\serie1\process\vesicles\roi5.txt,-1
\\isi.storwis.weizmann.ac.il\Labs\dvirg\zoharba\ALBA May 2023\20230523\ALBA25_G4_72hpf\rad_dam\serie1\process\vesicles\roi6.txt,-1
\\isi.storwis.weizmann.ac.il\Labs\dvirg\zoharba\ALBA May 2023\20230525\ALBA33_G4_72hpf\Escan\serieOF_tomo06\process\crystals\roi1.txt,1
\\isi.storwis.weizmann.ac.il\Labs\dvirg\zoharba\ALBA May 2023\20230525\ALBA33_G4_72hpf\Escan\serieOF_tomo06\process\crystals\roi2.txt,1
\\isi.storwis.weizmann.ac.il\Labs\dvirg\zoharba\ALBA May 2023\20230525\ALBA33_G4_72hpf\Escan\serieOF_tomo06\process\crystals\roi3.txt,1
\\isi.storwis.weizmann.ac.il\Labs\dvirg\zoharba\ALBA May 2023\20230525\ALBA33_G4_72hpf\Escan\serieOF_tomo06\process\crystals\roi4.txt,1
\\isi.storwis.weizmann.ac.il\Labs\dvirg\zoharba\ALBA May 2023\20230525\ALBA33_G4_72hpf\Escan\serieOF_tomo06\process\crystals\roi5.txt,1
\\isi.storwis.weizmann.ac.il\Labs\dvirg\zoharba\ALBA May 2023\20230525\ALBA33_G4_72hpf\Escan\serieOF_tomo06\process\vesicles\roi2.txt,-1
\\isi.storwis.weizmann.ac.il\Labs\dvirg\zoharba\ALBA May 2023\20230525\ALBA33_G4_72hpf\Escan\serieOF_tomo06\process\vesicles\roi3.txt,-1
\\isi.storwis.weizmann.ac.il\Labs\dvirg\zoharba\ALBA May 2023\20230525\ALBA33_G4_72hpf\Escan\serieOF_tomo06\process\vesicles\roi4.txt,-1
\\isi.storwis.weizmann.ac.il\Labs\dvirg\zoharba\ALBA May 2023\20230525\ALBA33_G4_72hpf\Escan\serieOF_tomo06\process\vesicles\roi5.txt,-1
\\isi.storwis.weizmann.ac.il\Labs\dvirg\zoharba\ALBA May 2023\20230525\ALBA33_G4_72hpf\Escan\serieOF_tomo06\process\vesicles\roi6.txt,-1
\\isi.storwis.weizmann.ac.il\Labs\dvirg\zoharba\ALBA May 2023\20230525\ALBA33_G4_72hpf\Escan\serieOF_tomo07\process\crystals\roi1.txt,1
\\isi.storwis.weizmann.ac.il\Labs\dvirg\zoharba\ALBA May 2023\20230525\ALBA33_G4_72hpf\Escan\serieOF_tomo07\process\crystals\roi2.txt,1
\\isi.storwis.weizmann.ac.il\Labs\dvirg\zoharba\ALBA May 2023\20230525\ALBA33_G4_72hpf\Escan\serieOF_tomo07\process\crystals\roi3.txt,1
\\isi.storwis.weizmann.ac.il\Labs\dvirg\zoharba\ALBA May 2023\20230525\ALBA33_G4_72hpf\Escan\serieOF_tomo07\process\crystals\roi4.txt,1
\\isi.storwis.weizmann.ac.il\Labs\dvirg\zoharba\ALBA May 2023\20230525\ALBA33_G4_72hpf\Escan\serieOF_tomo07\process\crystals\roi5.txt,1
\\isi.storwis.weizmann.ac.il\Labs\dvirg\zoharba\ALBA May 2023\20230525\ALBA33_G4_72hpf\Escan\serieOF_tomo07\process\vesicles\roi2.txt,-1
\\isi.storwis.weizmann.ac.il\Labs\dvirg\zoharba\ALBA May 2023\20230525\ALBA33_G4_72hpf\Escan\serieOF_tomo07\process\vesicles\roi3.txt,-1
\\isi.storwis.weizmann.ac.il\Labs\dvirg\zoharba\ALBA May 2023\20230525\ALBA33_G4_72hpf\Escan\serieOF_tomo07\process\vesicles\roi4.txt,-1
\\isi.storwis.weizmann.ac.il\Labs\dvirg\zoharba\ALBA May 2023\20230525\ALBA33_G4_72hpf\Escan\serieOF_tomo07\process\vesicles\roi5.txt,-1
\\isi.storwis.weizmann.ac.il\Labs\dvirg\zoharba\ALBA May 2023\20230525\ALBA33_G4_72hpf\Escan\serieOF_tomo07\process\vesicles\roi6.txt,-1
\\isi.storwis.weizmann.ac.il\Labs\dvirg\zoharba\ALBA May 2023\20230525\ALBA33_G4_72hpf\Escan\serieOF_tomo07\process\vesicles\roi7.txt,-1
\\isi.storwis.weizmann.ac.il\Labs\dvirg\zoharba\ALBA May 2023\20230525\ALBA33_G4_72hpf\Escan\serieOF_tomo08\process\crystals\roi1.txt,1
\\isi.storwis.weizmann.ac.il\Labs\dvirg\zoharba\ALBA May 2023\20230525\ALBA33_G4_72hpf\Escan\serieOF_tomo08\process\crystals\roi10.txt,1
\\isi.storwis.weizmann.ac.il\Labs\dvirg\zoharba\ALBA May 2023\20230525\ALBA33_G4_72hpf\Escan\serieOF_tomo08\process\crystals\roi2.txt,1
\\isi.storwis.weizmann.ac.il\Labs\dvirg\zoharba\ALBA May 2023\20230525\ALBA33_G4_72hpf\Escan\serieOF_tomo08\process\crystals\roi3.txt,1
\\isi.storwis.weizmann.ac.il\Labs\dvirg\zoharba\ALBA May 2023\20230525\ALBA33_G4_72hpf\Escan\serieOF_tomo08\process\crystals\roi4.txt,1
\\isi.storwis.weizmann.ac.il\Labs\dvirg\zoharba\ALBA May 2023\20230525\ALBA33_G4_72hpf\Escan\serieOF_tomo08\process\crystals\roi5.txt,1
\\isi.storwis.weizmann.ac.il\Labs\dvirg\zoharba\ALBA May 2023\20230525\ALBA33_G4_72hpf\Escan\serieOF_tomo08\process\crystals\roi6.txt,1
\\isi.storwis.weizmann.ac.il\Labs\dvirg\zoharba\ALBA May 2023\20230525\ALBA33_G4_72hpf\Escan\serieOF_tomo08\process\crystals\roi7.txt,1
\\isi.storwis.weizmann.ac.il\Labs\dvirg\zoharba\ALBA May 2023\20230525\ALBA33_G4_72hpf\Escan\serieOF_tomo08\process\crystals\roi8.txt,1
\\isi.storwis.weizmann.ac.il\Labs\dvirg\zoharba\ALBA May 2023\20230525\ALBA33_G4_72hpf\Escan\serieOF_tomo08\process\crystals\roi9.txt,1
\\isi.storwis.weizmann.ac.il\Labs\dvirg\zoharba\ALBA May 2023\20230525\ALBA33_G4_72hpf\Escan\serieOF_tomo08\process\vesicles\roi10.txt,-1
\\isi.storwis.weizmann.ac.il\Labs\dvirg\zoharba\ALBA May 2023\20230525\ALBA33_G4_72hpf\Escan\serieOF_tomo08\process\vesicles\roi11.txt,-1
\\isi.storwis.weizmann.ac.il\Labs\dvirg\zoharba\ALBA May 2023\20230525\ALBA33_G4_72hpf\Escan\serieOF_tomo08\process\vesicles\roi2.txt,-1
\\isi.storwis.weizmann.ac.il\Labs\dvirg\zoharba\ALBA May 2023\20230525\ALBA33_G4_72hpf\Escan\serieOF_tomo08\process\vesicles\roi3.txt,-1
\\isi.storwis.weizmann.ac.il\Labs\dvirg\zoharba\ALBA May 2023\20230525\ALBA33_G4_72hpf\Escan\serieOF_tomo08\process\vesicles\roi4.txt,-1
\\isi.storwis.weizmann.ac.il\Labs\dvirg\zoharba\ALBA May 2023\20230525\ALBA33_G4_72hpf\Escan\serieOF_tomo08\process\vesicles\roi5.txt,-1
\\isi.storwis.weizmann.ac.il\Labs\dvirg\zoharba\ALBA May 2023\20230525\ALBA33_G4_72hpf\Escan\serieOF_tomo08\process\vesicles\roi6.txt,-1
\\isi.storwis.weizmann.ac.il\Labs\dvirg\zoharba\ALBA May 2023\20230525\ALBA33_G4_72hpf\Escan\serieOF_tomo08\process\vesicles\roi7.txt,-1
\\isi.storwis.weizmann.ac.il\Labs\dvirg\zoharba\ALBA May 2023\20230525\ALBA33_G4_72hpf\Escan\serieOF_tomo08\process\vesicles\roi8.txt,-1
\\isi.storwis.weizmann.ac.il\Labs\dvirg\zoharba\ALBA May 2023\20230525\ALBA33_G4_72hpf\Escan\serieOF_tomo08\process\vesicles\roi9.txt,-1
\\isi.storwis.weizmann.ac.il\Labs\dvirg\zoharba\ALBA May 2023\20230525\ALBA33_G4_72hpf\Escan\serieOF_tomo09\process\crystals\roi1.txt,1
\\isi.storwis.weizmann.ac.il\Labs\dvirg\zoharba\ALBA May 2023\20230525\ALBA33_G4_72hpf\Escan\serieOF_tomo09\process\crystals\roi10.txt,1
\\isi.storwis.weizmann.ac.il\Labs\dvirg\zoharba\ALBA May 2023\20230525\ALBA33_G4_72hpf\Escan\serieOF_tomo09\process\crystals\roi11.txt,1
\\isi.storwis.weizmann.ac.il\Labs\dvirg\zoharba\ALBA May 2023\20230525\ALBA33_G4_72hpf\Escan\serieOF_tomo09\process\crystals\roi12.txt,1
\\isi.storwis.weizmann.ac.il\Labs\dvirg\zoharba\ALBA May 2023\20230525\ALBA33_G4_72hpf\Escan\serieOF_tomo09\process\crystals\roi13.txt,1
\\isi.storwis.weizmann.ac.il\Labs\dvirg\zoharba\ALBA May 2023\20230525\ALBA33_G4_72hpf\Escan\serieOF_tomo09\process\crystals\roi14.txt,1
\\isi.storwis.weizmann.ac.il\Labs\dvirg\zoharba\ALBA May 2023\20230525\ALBA33_G4_72hpf\Escan\serieOF_tomo09\process\crystals\roi15.txt,1
\\isi.storwis.weizmann.ac.il\Labs\dvirg\zoharba\ALBA May 2023\20230525\ALBA33_G4_72hpf\Escan\serieOF_tomo09\process\crystals\roi16.txt,1
\\isi.storwis.weizmann.ac.il\Labs\dvirg\zoharba\ALBA May 2023\20230525\ALBA33_G4_72hpf\Escan\serieOF_tomo09\process\crystals\roi17.txt,1
\\isi.storwis.weizmann.ac.il\Labs\dvirg\zoharba\ALBA May 2023\20230525\ALBA33_G4_72hpf\Escan\serieOF_tomo09\process\crystals\roi18.txt,1
\\isi.storwis.weizmann.ac.il\Labs\dvirg\zoharba\ALBA May 2023\20230525\ALBA33_G4_72hpf\Escan\serieOF_tomo09\process\crystals\roi19.txt,1
\\isi.storwis.weizmann.ac.il\Labs\dvirg\zoharba\ALBA May 2023\20230525\ALBA33_G4_72hpf\Escan\serieOF_tomo09\process\crystals\roi2.txt,1
\\isi.storwis.weizmann.ac.il\Labs\dvirg\zoharba\ALBA May 2023\20230525\ALBA33_G4_72hpf\Escan\serieOF_tomo09\process\crystals\roi20.txt,1
\\isi.storwis.weizmann.ac.il\Labs\dvirg\zoharba\ALBA May 2023\20230525\ALBA33_G4_72hpf\Escan\serieOF_tomo09\process\crystals\roi21.txt,1
\\isi.storwis.weizmann.ac.il\Labs\dvirg\zoharba\ALBA May 2023\20230525\ALBA33_G4_72hpf\Escan\serieOF_tomo09\process\crystals\roi22.txt,1
\\isi.storwis.weizmann.ac.il\Labs\dvirg\zoharba\ALBA May 2023\20230525\ALBA33_G4_72hpf\Escan\serieOF_tomo09\process\crystals\roi23.txt,1
\\isi.storwis.weizmann.ac.il\Labs\dvirg\zoharba\ALBA May 2023\20230525\ALBA33_G4_72hpf\Escan\serieOF_tomo09\process\crystals\roi24.txt,1
\\isi.storwis.weizmann.ac.il\Labs\dvirg\zoharba\ALBA May 2023\20230525\ALBA33_G4_72hpf\Escan\serieOF_tomo09\process\crystals\roi25.txt,1
\\isi.storwis.weizmann.ac.il\Labs\dvirg\zoharba\ALBA May 2023\20230525\ALBA33_G4_72hpf\Escan\serieOF_tomo09\process\crystals\roi3.txt,1
\\isi.storwis.weizmann.ac.il\Labs\dvirg\zoharba\ALBA May 2023\20230525\ALBA33_G4_72hpf\Escan\serieOF_tomo09\process\crystals\roi4.txt,1
\\isi.storwis.weizmann.ac.il\Labs\dvirg\zoharba\ALBA May 2023\20230525\ALBA33_G4_72hpf\Escan\serieOF_tomo09\process\crystals\roi5.txt,1
\\isi.storwis.weizmann.ac.il\Labs\dvirg\zoharba\ALBA May 2023\20230525\ALBA33_G4_72hpf\Escan\serieOF_tomo09\process\crystals\roi6.txt,1
\\isi.storwis.weizmann.ac.il\Labs\dvirg\zoharba\ALBA May 2023\20230525\ALBA33_G4_72hpf\Escan\serieOF_tomo09\process\crystals\roi7.txt,1
\\isi.storwis.weizmann.ac.il\Labs\dvirg\zoharba\ALBA May 2023\20230525\ALBA33_G4_72hpf\Escan\serieOF_tomo09\process\crystals\roi8.txt,1
\\isi.storwis.weizmann.ac.il\Labs\dvirg\zoharba\ALBA May 2023\20230525\ALBA33_G4_72hpf\Escan\serieOF_tomo09\process\crystals\roi9.txt,1
\\isi.storwis.weizmann.ac.il\Labs\dvirg\zoharba\ALBA May 2023\20230525\ALBA33_G4_72hpf\Escan\serieOF_tomo09\process\vesicles\roi2.txt,-1
\\isi.storwis.weizmann.ac.il\Labs\dvirg\zoharba\ALBA May 2023\20230525\ALBA33_G4_72hpf\Escan\serieOF_tomo09\process\vesicles\roi3.txt,-1
\\isi.storwis.weizmann.ac.il\Labs\dvirg\zoharba\ALBA May 2023\20230525\ALBA33_G4_72hpf\Escan\serieOF_tomo09\process\vesicles\roi4.txt,-1
\\isi.storwis.weizmann.ac.il\Labs\dvirg\zoharba\ALBA May 2023\20230525\ALBA33_G4_72hpf\Escan\serieOF_tomo09\process\vesicles\roi5.txt,-1
\\isi.storwis.weizmann.ac.il\Labs\dvirg\zoharba\ALBA May 2023\20230525\ALBA33_G4_72hpf\Escan\serieOF_tomo09\process\vesicles\roi6.txt,-1
\\isi.storwis.weizmann.ac.il\Labs\dvirg\zoharba\ALBA May 2023\20230525\ALBA33_G4_72hpf\Escan\serieOF_tomo09\process\vesicles\roi7.txt,-1
\\isi.storwis.weizmann.ac.il\Labs\dvirg\zoharba\ALBA May 2023\20230525\ALBA33_G4_72hpf\Escan\serieOF_tomo10\process\crystals\roi1.txt,1
\\isi.storwis.weizmann.ac.il\Labs\dvirg\zoharba\ALBA May 2023\20230525\ALBA33_G4_72hpf\Escan\serieOF_tomo10\process\crystals\roi2.txt,1
\\isi.storwis.weizmann.ac.il\Labs\dvirg\zoharba\ALBA May 2023\20230525\ALBA33_G4_72hpf\Escan\serieOF_tomo10\process\crystals\roi3.txt,1
\\isi.storwis.weizmann.ac.il\Labs\dvirg\zoharba\ALBA May 2023\20230525\ALBA33_G4_72hpf\Escan\serieOF_tomo10\process\crystals\roi4.txt,1
\\isi.storwis.weizmann.ac.il\Labs\dvirg\zoharba\ALBA May 2023\20230525\ALBA33_G4_72hpf\Escan\serieOF_tomo10\process\crystals\roi5.txt,1
\\isi.storwis.weizmann.ac.il\Labs\dvirg\zoharba\ALBA May 2023\20230525\ALBA33_G4_72hpf\Escan\serieOF_tomo10\process\crystals\roi6.txt,1
\\isi.storwis.weizmann.ac.il\Labs\dvirg\zoharba\ALBA May 2023\20230525\ALBA33_G4_72hpf\Escan\serieOF_tomo10\process\crystals\roi7.txt,1
\\isi.storwis.weizmann.ac.il\Labs\dvirg\zoharba\ALBA May 2023\20230525\ALBA33_G4_72hpf\Escan\serieOF_tomo10\process\vesicles\roi2.txt,-1
\\isi.storwis.weizmann.ac.il\Labs\dvirg\zoharba\ALBA May 2023\20230525\ALBA33_G4_72hpf\Escan\serieOF_tomo10\process\vesicles\roi3.txt,-1
\\isi.storwis.weizmann.ac.il\Labs\dvirg\zoharba\ALBA May 2023\20230525\ALBA33_G4_72hpf\Escan\serieOF_tomo10\process\vesicles\roi4.txt,-1
\\isi.storwis.weizmann.ac.il\Labs\dvirg\zoharba\ALBA May 2023\20230525\ALBA33_G4_72hpf\Escan\serieOF_tomo10\process\vesicles\roi5.txt,-1
\\isi.storwis.weizmann.ac.il\Labs\dvirg\zoharba\ALBA May 2023\20230525\ALBA33_G4_72hpf\Escan\serieOF_tomo10\process\vesicles\roi6.txt,-1
\\isi.storwis.weizmann.ac.il\Labs\dvirg\zoharba\ALBA May 2023\20230525\ALBA33_G4_72hpf\Escan\serieOF_tomo10\process\vesicles\roi7.txt,-1
\\isi.storwis.weizmann.ac.il\Labs\dvirg\zoharba\ALBA May 2023\20230525\ALBA33_G4_72hpf\Escan\serieOF_tomo10\process\vesicles\roi8.txt,-1
\\isi.storwis.weizmann.ac.il\Labs\dvirg\zoharba\ALBA May 2023\20230525\ALBA33_G4_72hpf\Escan\serieOF_tomo10\process\vesicles\roi9.txt,-1
